filename,width,height,class,xmin,ymin,xmax,ymax
FILE190902-160744F.MP4.thumb0001.jpg,1920,1080,speed_limit_70,1833,458,1873,509
FILE190902-160744F.MP4.thumb0001.jpg,1920,1080,no_parking,1840,563,1892,614
FILE190902-160744F.MP4.thumb0001.jpg,1920,1080,pedestrian_crossing,1840,507,1885,561
FILE190902-111324F.MP4.thumb0011.jpg,1920,1080,no_overtaking,746,398,878,524
FILE190713-092009F.shrink.mp4.thumb0050.jpg,1280,720,speed_limit_40,1124,141,1149,169
FILE190713-114435F.shrink.mp4.thumb0051.jpg,1280,720,warning,843,56,876,86
FILE190713-114435F.shrink.mp4.thumb0051.jpg,1280,720,speed_limit_60,846,16,882,53
FILE190713-092711F.shrink.mp4.thumb0007.jpg,1280,720,no_overtaking,731,13,788,66
FILE190726-154620F.MP4.thumb0057.jpg,1920,1080,priority_road,976,662,997,680
FILE190713-091507F.shrink.mp4.thumb0048.jpg,1280,720,speed_limit_60,687,43,716,71
FILE190713-091507F.shrink.mp4.thumb0048.jpg,1280,720,no_overtaking,683,70,716,97
FILE190713-114636F.shrink.mp4.thumb0004.jpg,1280,720,pedestrian_crossing,816,1,864,41
FILE190726-155022F.MP4.thumb0027.jpg,1920,1080,speed_limit_70,1477,444,1575,565
FILE190902-160744F.MP4.thumb0022.jpg,1920,1080,speed_limit_70,1847,445,1896,506
FILE190902-111524F.MP4.thumb0047.jpg,1920,1080,no_overtaking,963,626,1051,712
FILE190726-172432F.MP4.thumb0047.jpg,1920,1080,priority_road,1064,519,1119,569
FILE190713-090505F.shrink.mp4.thumb0019.jpg,1280,720,speed_limit_70,475,41,505,67
FILE190726-170427F.MP4.thumb0045.jpg,1920,1080,priority_road,1217,566,1264,614
FILE190726-170427F.MP4.thumb0045.jpg,1920,1080,warning,1220,610,1266,648
FILE190726-161811F.MP4.thumb0055.jpg,1920,1080,no_overtaking,1153,512,1232,595
FILE190726-161811F.MP4.thumb0055.jpg,1920,1080,no_overtaking,74,512,116,582
FILE190726-154721F.MP4.thumb0052.jpg,1920,1080,no_overtaking,1349,598,1429,681
FILE190726-154721F.MP4.thumb0052.jpg,1920,1080,no_overtaking,94,541,140,614
FILE190726-172031F.MP4.thumb0009.jpg,1920,1080,pedestrian_crossing,1767,144,1918,344
FILE190726-172031F.MP4.thumb0009.jpg,1920,1080,priority_road,1026,570,1065,608
FILE190726-172031F.MP4.thumb0009.jpg,1920,1080,no_parking,1028,606,1069,649
FILE190726-173435F.MP4.thumb0057.jpg,1920,1080,road_works,1350,206,1471,323
FILE190726-173435F.MP4.thumb0057.jpg,1920,1080,warning,1367,319,1489,433
FILE190726-173435F.MP4.thumb0057.jpg,1920,1080,warning,1378,486,1506,605
FILE190726-161410F.MP4.thumb0016.jpg,1920,1080,no_overtaking,274,553,322,598
FILE190726-161410F.MP4.thumb0016.jpg,1920,1080,speed_limit_60,273,600,318,648
FILE190726-161410F.MP4.thumb0016.jpg,1920,1080,road_works,281,502,323,550
FILE190713-115531F.shrink.mp4.thumb0046.jpg,1280,720,speed_limit_70,1095,1,1155,69
FILE190713-115531F.shrink.mp4.thumb0046.jpg,1280,720,no_parking,1095,66,1158,138
FILE190713-091507F.shrink.mp4.thumb0018.jpg,1280,720,no_overtaking,757,52,788,88
FILE190713-091507F.shrink.mp4.thumb0018.jpg,1280,720,speed_limit_60,753,17,788,55
FILE190726-163252F.MP4.thumb0044.jpg,1920,1080,no_overtaking,1258,671,1295,705
FILE190726-171329F.MP4.thumb0044.jpg,1920,1080,priority_road,927,607,960,636
FILE190713-094901F.shrink.mp4.thumb0023.jpg,1280,720,no_parking,710,35,744,64
FILE190713-094901F.shrink.mp4.thumb0023.jpg,1280,720,priority_road,713,13,742,37
FILE190726-161912F.MP4.thumb0009.jpg,1920,1080,speed_limit_40,1060,662,1084,687
FILE190726-164920F.MP4.thumb0006.jpg,1920,1080,warning,1112,547,1167,596
FILE190726-165925F.MP4.thumb0024.jpg,1920,1080,pedestrian_crossing,1128,562,1187,622
FILE190726-165925F.MP4.thumb0024.jpg,1920,1080,priority_road,1045,616,1071,643
FILE190726-174036F.MP4.thumb0022.jpg,1920,1080,no_parking,1671,379,1776,508
FILE190726-174036F.MP4.thumb0022.jpg,1920,1080,warning,1665,251,1763,381
FILE190726-162212F.MP4.thumb0023.jpg,1920,1080,priority_road,1136,575,1188,623
FILE190712-091818F.shrink.mp4.thumb0043.jpg,1280,720,no_parking,772,38,809,77
FILE190726-170126F.MP4.thumb0008.jpg,1920,1080,priority_road,1609,319,1677,414
FILE190726-162951F.MP4.thumb0024.jpg,1920,1080,no_overtaking,1274,602,1340,671
FILE190726-162951F.MP4.thumb0024.jpg,1920,1080,no_overtaking,442,567,506,624
FILE190726-162951F.MP4.thumb0024.jpg,1920,1080,speed_limit_70,456,514,512,571
FILE190726-162951F.MP4.thumb0024.jpg,1920,1080,speed_limit_70,1274,550,1330,610
FILE190726-161511F.MP4.thumb0041.jpg,1920,1080,no_overtaking,1106,641,1154,699
FILE190726-161511F.MP4.thumb0041.jpg,1920,1080,no_overtaking,254,590,306,637
FILE190726-161511F.MP4.thumb0041.jpg,1920,1080,speed_limit_60,263,537,308,589
FILE190726-161511F.MP4.thumb0041.jpg,1920,1080,speed_limit_60,1108,588,1158,644
FILE190726-164820F.MP4.thumb0050.jpg,1920,1080,no_parking,1146,574,1185,617
FILE190726-170026F.MP4.thumb0003.jpg,1920,1080,pedestrian_crossing,1052,582,1086,613
FILE190726-173936F.MP4.thumb0031.jpg,1920,1080,no_parking,1170,590,1223,650
FILE190726-173936F.MP4.thumb0031.jpg,1920,1080,priority_road,1153,527,1223,600
FILE190726-170126F.MP4.thumb0016.jpg,1920,1080,pedestrian_crossing,970,579,1020,626
FILE190726-164519F.MP4.thumb0020.jpg,1920,1080,pedestrian_crossing,1127,450,1199,521
FILE190726-171931F.MP4.thumb0048.jpg,1920,1080,no_parking,1113,486,1187,555
FILE190726-161912F.MP4.thumb0046.jpg,1920,1080,no_overtaking,1292,500,1382,596
FILE190726-161912F.MP4.thumb0046.jpg,1920,1080,no_overtaking,1017,642,1052,672
FILE190726-161912F.MP4.thumb0046.jpg,1920,1080,no_overtaking,544,613,572,644
FILE190726-161912F.MP4.thumb0046.jpg,1920,1080,warning,544,589,576,617
FILE190726-161912F.MP4.thumb0046.jpg,1920,1080,warning,1020,610,1053,642
FILE190726-161912F.MP4.thumb0046.jpg,1920,1080,speed_limit_60,1016,669,1046,701
FILE190726-161912F.MP4.thumb0046.jpg,1920,1080,speed_limit_60,541,643,570,672
FILE190726-154921F.MP4.thumb0028.jpg,1920,1080,priority_road,1084,605,1120,644
FILE190726-154921F.MP4.thumb0027.jpg,1920,1080,priority_road,1013,645,1033,665
FILE190726-160125F.MP4.thumb0022.jpg,1920,1080,speed_limit_40,1147,523,1189,565
FILE190726-160125F.MP4.thumb0022.jpg,1920,1080,speed_limit_40,494,510,533,551
FILE190726-154520F.MP4.thumb0018.jpg,1920,1080,no_overtaking,1765,595,1850,707
FILE190726-154520F.MP4.thumb0018.jpg,1920,1080,priority_road,1749,344,1840,462
FILE190726-154520F.MP4.thumb0018.jpg,1920,1080,speed_limit_60,1536,621,1591,682
FILE190726-154520F.MP4.thumb0018.jpg,1920,1080,warning,1544,564,1596,612
FILE190726-170828F.MP4.thumb0041.jpg,1920,1080,priority_road,953,614,985,652
FILE190713-091106F.shrink.mp4.thumb0037.jpg,1280,720,no_overtaking,642,71,671,97
FILE190713-091106F.shrink.mp4.thumb0037.jpg,1280,720,speed_limit_60,640,46,668,72
FILE190713-092009F.shrink.mp4.thumb0055.jpg,1280,720,no_overtaking,659,41,689,69
FILE190713-092009F.shrink.mp4.thumb0055.jpg,1280,720,speed_limit_60,659,13,690,41
FILE190726-160024F.MP4.thumb0003.jpg,1920,1080,speed_limit_40,957,653,978,673
FILE190726-160024F.MP4.thumb0003.jpg,1920,1080,no_overtaking,956,631,978,653
FILE190713-094220F.shrink.mp4.thumb0015.jpg,1280,720,warning,887,56,922,86
FILE190713-094220F.shrink.mp4.thumb0015.jpg,1280,720,priority_road,929,52,961,89
FILE190726-154721F.MP4.thumb0056.jpg,1920,1080,speed_limit_70,607,633,633,655
FILE190726-154721F.MP4.thumb0056.jpg,1920,1080,speed_limit_70,995,650,1020,674
FILE190726-162550F.MP4.thumb0041.jpg,1920,1080,priority_road,1112,619,1165,668
FILE190726-171129F.MP4.thumb0003.jpg,1920,1080,warning,950,611,983,643
FILE190726-171129F.MP4.thumb0003.jpg,1920,1080,priority_road,1000,570,1053,620
FILE190726-170326F.MP4.thumb0039.jpg,1920,1080,no_overtaking,1125,543,1173,586
FILE190726-173435F.MP4.thumb0042.jpg,1920,1080,road_works,933,654,967,696
FILE190726-173435F.MP4.thumb0042.jpg,1920,1080,pedestrian_crossing,1011,513,1091,582
FILE190726-173435F.MP4.thumb0042.jpg,1920,1080,pedestrian_crossing,171,543,222,599
FILE190713-114536F.shrink.mp4.thumb0041.jpg,1280,720,speed_limit_60,1020,62,1063,103
FILE190726-170126F.MP4.thumb0035.jpg,1920,1080,pedestrian_crossing,1135,498,1229,593
FILE190726-170126F.MP4.thumb0035.jpg,1920,1080,no_parking,1136,434,1211,505
FILE190726-162851F.MP4.thumb0032.jpg,1920,1080,priority_road,1203,538,1291,624
FILE190712-091618F.shrink.mp4.thumb0044.jpg,1280,720,speed_limit_40,705,44,733,71
FILE190712-091618F.shrink.mp4.thumb0044.jpg,1280,720,no_parking,702,69,735,96
FILE190726-170126F.MP4.thumb0034.jpg,1920,1080,no_parking,982,554,1022,592
FILE190726-170126F.MP4.thumb0034.jpg,1920,1080,pedestrian_crossing,984,592,1033,630
FILE190726-173936F.MP4.thumb0043.jpg,1920,1080,pedestrian_crossing,1002,555,1063,616
FILE190726-155924F.MP4.thumb0009.jpg,1920,1080,priority_road,1022,631,1053,659
FILE190726-170828F.MP4.thumb0042.jpg,1920,1080,priority_road,1273,420,1388,536
FILE190713-100305F.shrink.mp4.thumb0048.jpg,1280,720,no_parking,929,7,981,62
FILE190713-091006F.shrink.mp4.thumb0043.jpg,1280,720,speed_limit_60,354,55,386,87
FILE190713-091006F.shrink.mp4.thumb0043.jpg,1280,720,speed_limit_60,670,56,698,84
FILE190713-091006F.shrink.mp4.thumb0043.jpg,1280,720,no_overtaking,671,32,700,56
FILE190713-091006F.shrink.mp4.thumb0043.jpg,1280,720,no_overtaking,354,31,388,61
FILE190726-161711F.MP4.thumb0056.jpg,1920,1080,no_overtaking,999,672,1028,700
FILE190726-161711F.MP4.thumb0056.jpg,1920,1080,no_overtaking,552,656,579,681
FILE190726-161711F.MP4.thumb0056.jpg,1920,1080,speed_limit_60,553,630,580,655
FILE190726-161711F.MP4.thumb0056.jpg,1920,1080,speed_limit_60,998,648,1028,674
FILE190726-161711F.MP4.thumb0056.jpg,1920,1080,warning,997,617,1028,649
FILE190726-161711F.MP4.thumb0056.jpg,1920,1080,warning,553,605,582,630
FILE190726-165925F.MP4.thumb0020.jpg,1920,1080,no_parking,1122,593,1155,625
FILE190726-165925F.MP4.thumb0020.jpg,1920,1080,warning,1118,567,1153,593
FILE190726-165925F.MP4.thumb0020.jpg,1920,1080,pedestrian_crossing,1120,534,1155,569
FILE190713-104655F.shrink.mp4.thumb0027.jpg,1280,720,no_overtaking,1002,83,1039,118
FILE190713-104655F.shrink.mp4.thumb0027.jpg,1280,720,speed_limit_40,1004,47,1040,82
FILE190713-120232F.shrink.mp4.thumb0060.jpg,1280,720,no_overtaking,958,41,988,76
FILE190713-114937F.shrink.mp4.thumb0021.jpg,1280,720,pedestrian_crossing,834,6,892,60
FILE190726-160726F.MP4.thumb0056.jpg,1920,1080,no_overtaking,1099,659,1126,684
FILE190726-160726F.MP4.thumb0056.jpg,1920,1080,no_overtaking,657,635,683,660
FILE190726-160726F.MP4.thumb0056.jpg,1920,1080,speed_limit_60,655,612,683,634
FILE190726-160726F.MP4.thumb0056.jpg,1920,1080,speed_limit_60,1097,636,1126,661
FILE190726-164619F.MP4.thumb0012.jpg,1920,1080,pedestrian_crossing,667,589,702,625
FILE190726-164619F.MP4.thumb0012.jpg,1920,1080,pedestrian_crossing,1137,578,1169,612
FILE190726-173936F.MP4.thumb0041.jpg,1920,1080,priority_road,1103,520,1167,581
FILE190726-173936F.MP4.thumb0041.jpg,1920,1080,no_parking,1106,581,1165,638
FILE190726-173334F.MP4.thumb0040.jpg,1920,1080,warning,1024,577,1068,618
FILE190726-173334F.MP4.thumb0040.jpg,1920,1080,warning,1024,537,1069,578
FILE190726-162751F.MP4.thumb0015.jpg,1920,1080,no_overtaking,1770,344,1868,516
FILE190726-160024F.MP4.thumb0026.jpg,1920,1080,speed_limit_40,1008,562,1050,598
FILE190726-170026F.MP4.thumb0011.jpg,1920,1080,no_parking,1198,627,1223,652
FILE190726-170026F.MP4.thumb0011.jpg,1920,1080,priority_road,1192,579,1223,607
FILE190713-100605F.shrink.mp4.thumb0018.jpg,1280,720,no_overtaking,739,34,772,63
FILE190713-100605F.shrink.mp4.thumb0018.jpg,1280,720,speed_limit_40,737,63,769,92
FILE190713-095101F.shrink.mp4.thumb0021.jpg,1280,720,pedestrian_crossing,251,34,283,74
FILE190713-095101F.shrink.mp4.thumb0021.jpg,1280,720,pedestrian_crossing,864,15,912,60
FILE190726-161410F.MP4.thumb0014.jpg,1920,1080,speed_limit_60,997,643,1031,678
FILE190726-161410F.MP4.thumb0014.jpg,1920,1080,no_overtaking,994,675,1030,706
FILE190726-161410F.MP4.thumb0014.jpg,1920,1080,road_works,999,613,1033,643
FILE190726-154520F.MP4.thumb0019.jpg,1920,1080,speed_limit_60,1418,562,1506,650
FILE190726-154520F.MP4.thumb0019.jpg,1920,1080,warning,1430,478,1503,552
FILE190726-154721F.MP4.thumb0058.jpg,1920,1080,speed_limit_70,1703,383,1815,514
FILE190712-091417F.shrink.mp4.thumb0051.jpg,1280,720,speed_limit_40,780,49,819,85
FILE190712-091417F.shrink.mp4.thumb0051.jpg,1280,720,straight_only,780,13,818,51
FILE190726-170326F.MP4.thumb0054.jpg,1920,1080,keep_right,599,662,638,704
FILE190726-170326F.MP4.thumb0054.jpg,1920,1080,pedestrian_crossing,1232,563,1293,617
FILE190726-173936F.MP4.thumb0028.jpg,1920,1080,pedestrian_crossing,1675,248,1781,414
FILE190726-173936F.MP4.thumb0028.jpg,1920,1080,pedestrian_crossing,1092,555,1150,610
FILE190726-173836F.MP4.thumb0058.jpg,1920,1080,no_parking,964,621,996,655
FILE190726-173836F.MP4.thumb0058.jpg,1920,1080,priority_road,960,589,992,620
FILE190726-162112F.MP4.thumb0002.jpg,1920,1080,priority_road,978,640,998,663
FILE190726-165925F.MP4.thumb0047.jpg,1920,1080,pedestrian_crossing,1126,561,1175,609
FILE190726-165925F.MP4.thumb0047.jpg,1920,1080,priority_road,1028,596,1054,620
FILE190726-165925F.MP4.thumb0047.jpg,1920,1080,no_parking,1030,641,1054,663
FILE190713-115430F.shrink.mp4.thumb0005.jpg,1280,720,pedestrian_crossing,953,11,981,42
FILE190726-173635F.MP4.thumb0021.jpg,1920,1080,priority_road,1643,307,1747,454
FILE190726-173635F.MP4.thumb0021.jpg,1920,1080,no_parking,1654,447,1775,610
FILE190713-114937F.shrink.mp4.thumb0012.jpg,1280,720,pedestrian_crossing,741,30,776,60
FILE190726-165020F.MP4.thumb0004.jpg,1920,1080,warning,1443,338,1533,437
FILE190726-171028F.MP4.thumb0054.jpg,1920,1080,no_overtaking,1043,599,1087,640
FILE190726-162751F.MP4.thumb0012.jpg,1920,1080,warning,1251,489,1342,572
FILE190726-160726F.MP4.thumb0038.jpg,1920,1080,speed_limit_60,433,539,477,585
FILE190726-160726F.MP4.thumb0038.jpg,1920,1080,speed_limit_60,1133,623,1169,655
FILE190726-160726F.MP4.thumb0038.jpg,1920,1080,no_overtaking,428,583,473,629
FILE190726-160726F.MP4.thumb0038.jpg,1920,1080,no_overtaking,1133,652,1167,684
FILE190713-095101F.shrink.mp4.thumb0015.jpg,1280,720,speed_limit_40,792,43,824,73
FILE190713-095101F.shrink.mp4.thumb0015.jpg,1280,720,pedestrian_crossing,789,14,823,44
FILE190726-173936F.MP4.thumb0042.jpg,1920,1080,pedestrian_crossing,930,601,967,637
FILE190726-161127F.MP4.thumb0041.jpg,1920,1080,road_works,1006,603,1044,638
FILE190726-161127F.MP4.thumb0041.jpg,1920,1080,road_works,196,514,250,574
FILE190726-161127F.MP4.thumb0041.jpg,1920,1080,no_overtaking,185,626,237,671
FILE190726-161127F.MP4.thumb0041.jpg,1920,1080,no_overtaking,1146,623,1211,683
FILE190726-161127F.MP4.thumb0041.jpg,1920,1080,speed_limit_60,1149,561,1211,624
FILE190726-161127F.MP4.thumb0041.jpg,1920,1080,speed_limit_60,196,569,246,620
FILE190713-120332F.shrink.mp4.thumb0010.jpg,1280,720,no_parking,932,25,961,56
FILE190726-170026F.MP4.thumb0010.jpg,1920,1080,no_parking,1405,507,1458,567
FILE190726-163152F.MP4.thumb0045.jpg,1920,1080,warning,1199,582,1260,641
FILE190726-165221F.MP4.thumb0044.jpg,1920,1080,priority_road,1030,528,1078,575
FILE190726-152336F.MP4.thumb0002.jpg,1920,1080,speed_limit_70,1102,606,1134,637
FILE190726-152336F.MP4.thumb0002.jpg,1920,1080,speed_limit_70,573,586,603,619
FILE190726-163152F.MP4.thumb0046.jpg,1920,1080,speed_limit_70,1033,628,1060,657
FILE190726-163152F.MP4.thumb0046.jpg,1920,1080,speed_limit_70,611,629,638,653
FILE190726-163152F.MP4.thumb0046.jpg,1920,1080,no_overtaking,1031,654,1060,682
FILE190726-163152F.MP4.thumb0046.jpg,1920,1080,no_overtaking,613,652,640,681
FILE190713-090605F.shrink.mp4.thumb0028.jpg,1280,720,speed_limit_60,808,28,836,56
FILE190902-160744F.MP4.thumb0059.jpg,1920,1080,speed_limit_70,1536,582,1571,626
FILE190902-160744F.MP4.thumb0059.jpg,1920,1080,priority_road,1521,518,1578,575
FILE190902-160744F.MP4.thumb0059.jpg,1920,1080,no_parking,1533,623,1576,672
FILE190726-170026F.MP4.thumb0007.jpg,1920,1080,pedestrian_crossing,1074,602,1106,631
FILE190713-120032F.shrink.mp4.thumb0051.jpg,1280,720,no_parking,776,101,807,133
FILE190713-120032F.shrink.mp4.thumb0051.jpg,1280,720,priority_road,774,46,808,76
FILE190726-165321F.MP4.thumb0039.jpg,1920,1080,speed_limit_60,966,626,996,652
FILE190726-165321F.MP4.thumb0039.jpg,1920,1080,speed_limit_60,616,632,645,656
FILE190726-165321F.MP4.thumb0039.jpg,1920,1080,warning,614,605,643,632
FILE190726-165321F.MP4.thumb0039.jpg,1920,1080,warning,968,603,994,629
FILE190726-170026F.MP4.thumb0031.jpg,1920,1080,no_parking,981,616,1009,645
FILE190726-170026F.MP4.thumb0031.jpg,1920,1080,no_parking,982,559,1009,589
FILE190726-170026F.MP4.thumb0031.jpg,1920,1080,pedestrian_crossing,1174,564,1218,606
FILE190713-120332F.shrink.mp4.thumb0014.jpg,1280,720,no_parking,994,74,1019,107
FILE190726-152436F.MP4.thumb0007.jpg,1920,1080,speed_limit_70,85,396,140,474
FILE190726-170026F.MP4.thumb0061.jpg,1920,1080,pedestrian_crossing,1573,303,1658,400
FILE190713-105959F.shrink.mp4.thumb0028.jpg,1280,720,speed_limit_70,924,24,956,56
FILE190712-091517F.shrink.mp4.thumb0005.jpg,1280,720,speed_limit_40,658,120,677,135
FILE190726-152034F.MP4.thumb0033.jpg,1920,1080,yield,1413,530,1457,575
FILE190726-152034F.MP4.thumb0033.jpg,1920,1080,straight_only,1423,567,1468,613
FILE190726-152034F.MP4.thumb0033.jpg,1920,1080,speed_limit_70,1226,562,1260,598
FILE190726-152034F.MP4.thumb0033.jpg,1920,1080,speed_limit_70,150,458,208,517
FILE190712-091718F.shrink.mp4.thumb0008.jpg,1280,720,speed_limit_40,755,68,778,89
FILE190726-155824F.MP4.thumb0003.jpg,1920,1080,priority_road,1480,572,1550,641
FILE190726-170427F.MP4.thumb0008.jpg,1920,1080,speed_limit_70,1094,526,1147,574
FILE190726-170427F.MP4.thumb0008.jpg,1920,1080,priority_road,999,580,1038,616
FILE190713-100605F.shrink.mp4.thumb0006.jpg,1280,720,speed_limit_60,738,56,780,94
FILE190713-100605F.shrink.mp4.thumb0006.jpg,1280,720,warning,738,25,778,59
FILE190726-165725F.MP4.thumb0056.jpg,1920,1080,no_overtaking,1127,527,1201,596
FILE190726-165725F.MP4.thumb0056.jpg,1920,1080,no_overtaking,220,567,278,634
FILE190726-173435F.MP4.thumb0061.jpg,1920,1080,pedestrian_crossing,1096,521,1191,603
FILE190726-173435F.MP4.thumb0061.jpg,1920,1080,warning,1113,588,1194,654
FILE190713-092711F.shrink.mp4.thumb0055.jpg,1280,720,speed_limit_60,774,71,831,123
FILE190713-092711F.shrink.mp4.thumb0055.jpg,1280,720,no_overtaking,768,126,823,174
FILE190726-173936F.MP4.thumb0044.jpg,1920,1080,pedestrian_crossing,1327,292,1491,444
FILE190713-092209F.shrink.mp4.thumb0022.jpg,1280,720,no_overtaking,717,21,769,73
FILE190713-094621F.shrink.mp4.thumb0043.jpg,1280,720,pedestrian_crossing,605,17,645,57
FILE190726-155824F.MP4.thumb0004.jpg,1920,1080,priority_road,1519,475,1616,582
FILE190726-152034F.MP4.thumb0034.jpg,1920,1080,speed_limit_70,1632,398,1682,467
FILE190726-165925F.MP4.thumb0044.jpg,1920,1080,warning,1192,585,1242,626
FILE190726-165925F.MP4.thumb0044.jpg,1920,1080,pedestrian_crossing,1194,541,1242,588
FILE190713-091708F.shrink.mp4.thumb0031.jpg,1280,720,no_overtaking,816,43,902,124
FILE190713-104455F.shrink.mp4.thumb0029.jpg,1280,720,speed_limit_40,765,50,798,80
FILE190726-152235F.MP4.thumb0016.jpg,1920,1080,speed_limit_70,1133,579,1163,612
FILE190713-115631F.shrink.mp4.thumb0005.jpg,1280,720,warning,391,73,419,98
FILE190713-115631F.shrink.mp4.thumb0005.jpg,1280,720,keep_right,27,149,59,205
FILE190713-115631F.shrink.mp4.thumb0005.jpg,1280,720,pedestrian_crossing,973,46,1007,80
FILE190726-155022F.MP4.thumb0026.jpg,1920,1080,speed_limit_70,1036,624,1070,659
FILE190726-155022F.MP4.thumb0026.jpg,1920,1080,speed_limit_70,513,597,549,633
FILE190726-164619F.MP4.thumb0015.jpg,1920,1080,pedestrian_crossing,89,267,234,412
FILE190726-164619F.MP4.thumb0015.jpg,1920,1080,pedestrian_crossing,1833,336,1908,437
FILE190712-091718F.shrink.mp4.thumb0013.jpg,1280,720,warning,766,74,795,102
FILE190712-091718F.shrink.mp4.thumb0013.jpg,1280,720,pedestrian_crossing,767,46,796,76
FILE190713-091808F.shrink.mp4.thumb0023.jpg,1280,720,no_overtaking,1062,27,1185,188
FILE190726-155723F.MP4.thumb0011.jpg,1920,1080,speed_limit_60,1219,495,1308,571
FILE190726-155723F.MP4.thumb0011.jpg,1920,1080,speed_limit_60,20,486,70,550
FILE190726-155723F.MP4.thumb0011.jpg,1920,1080,no_overtaking,30,421,74,486
FILE190726-155723F.MP4.thumb0011.jpg,1920,1080,no_overtaking,1222,416,1305,495
FILE190726-173635F.MP4.thumb0009.jpg,1920,1080,priority_road,1064,541,1112,588
FILE190726-173635F.MP4.thumb0009.jpg,1920,1080,no_parking,1058,588,1122,650
FILE190713-093613F.shrink.mp4.thumb0018.jpg,1280,720,warning,702,32,734,62
FILE190726-154620F.MP4.thumb0025.jpg,1920,1080,priority_road,1020,637,1047,660
FILE190713-090505F.shrink.mp4.thumb0027.jpg,1280,720,speed_limit_60,338,40,384,82
FILE190713-090505F.shrink.mp4.thumb0027.jpg,1280,720,speed_limit_60,925,44,961,80
FILE190726-172432F.MP4.thumb0046.jpg,1920,1080,priority_road,935,602,963,630
FILE190726-161711F.MP4.thumb0057.jpg,1920,1080,warning,1195,479,1274,557
FILE190726-161711F.MP4.thumb0057.jpg,1920,1080,warning,89,457,142,523
FILE190726-161711F.MP4.thumb0057.jpg,1920,1080,speed_limit_60,89,520,133,578
FILE190726-161711F.MP4.thumb0057.jpg,1920,1080,speed_limit_60,1202,555,1284,634
FILE190726-161711F.MP4.thumb0057.jpg,1920,1080,no_overtaking,1206,630,1291,709
FILE190726-161711F.MP4.thumb0057.jpg,1920,1080,no_overtaking,84,581,130,644
FILE190713-114937F.shrink.mp4.thumb0004.jpg,1280,720,no_parking,968,40,994,72
FILE190713-114937F.shrink.mp4.thumb0004.jpg,1280,720,speed_limit_70,966,70,996,101
FILE190713-114937F.shrink.mp4.thumb0004.jpg,1280,720,priority_road,967,13,995,42
FILE190713-090104F.shrink.mp4.thumb0037.jpg,1280,720,warning,711,17,746,47
FILE190902-104316F.MP4.thumb0035.jpg,1920,1080,pedestrian_crossing,1557,538,1602,586
FILE190902-104316F.MP4.thumb0035.jpg,1920,1080,yield,1544,455,1591,505
FILE190726-165825F.MP4.thumb0046.jpg,1920,1080,priority_road,1385,481,1447,547
FILE190726-154620F.MP4.thumb0026.jpg,1920,1080,priority_road,1167,582,1212,628
FILE190726-160726F.MP4.thumb0026.jpg,1920,1080,speed_limit_60,1073,618,1107,647
FILE190726-160726F.MP4.thumb0026.jpg,1920,1080,speed_limit_60,600,602,634,633
FILE190726-160726F.MP4.thumb0026.jpg,1920,1080,no_overtaking,597,633,631,659
FILE190726-160726F.MP4.thumb0026.jpg,1920,1080,no_overtaking,1072,646,1107,678
FILE190726-160726F.MP4.thumb0026.jpg,1920,1080,warning,1073,586,1108,618
FILE190726-160726F.MP4.thumb0026.jpg,1920,1080,warning,602,572,633,604
FILE190726-155022F.MP4.thumb0025.jpg,1920,1080,speed_limit_70,667,637,690,658
FILE190726-155022F.MP4.thumb0025.jpg,1920,1080,speed_limit_70,969,650,986,672
FILE190712-091618F.shrink.mp4.thumb0022.jpg,1280,720,speed_limit_40,765,66,798,99
FILE190726-162012F.MP4.thumb0060.jpg,1920,1080,warning,1040,641,1077,674
FILE190713-091708F.shrink.mp4.thumb0054.jpg,1280,720,speed_limit_60,719,5,779,58
FILE190713-091708F.shrink.mp4.thumb0054.jpg,1280,720,no_overtaking,719,55,780,109
FILE190726-174036F.MP4.thumb0017.jpg,1920,1080,warning,1016,571,1057,607
FILE190726-172432F.MP4.thumb0038.jpg,1920,1080,no_overtaking,1020,595,1064,636
FILE190726-165725F.MP4.thumb0055.jpg,1920,1080,no_overtaking,920,614,954,646
FILE190726-165725F.MP4.thumb0055.jpg,1920,1080,no_overtaking,504,623,534,655
FILE190726-161127F.MP4.thumb0057.jpg,1920,1080,no_overtaking,229,598,277,661
FILE190726-161127F.MP4.thumb0057.jpg,1920,1080,speed_limit_60,233,544,278,605
FILE190726-161127F.MP4.thumb0057.jpg,1920,1080,road_works,233,490,284,545
FILE190726-155723F.MP4.thumb0013.jpg,1920,1080,speed_limit_40,1013,627,1048,657
FILE190726-155723F.MP4.thumb0013.jpg,1920,1080,speed_limit_40,489,612,521,645
FILE190726-155723F.MP4.thumb0013.jpg,1920,1080,warning,401,593,437,630
FILE190726-155723F.MP4.thumb0013.jpg,1920,1080,warning,1055,611,1097,650
FILE190726-155422F.MP4.thumb0022.jpg,1920,1080,priority_road,1106,614,1153,658
FILE190713-091808F.shrink.mp4.thumb0046.jpg,1280,720,speed_limit_60,661,46,697,77
FILE190713-091808F.shrink.mp4.thumb0046.jpg,1280,720,no_overtaking,664,76,696,108
FILE190726-170126F.MP4.thumb0004.jpg,1920,1080,pedestrian_crossing,1403,403,1489,492
FILE190902-160744F.MP4.thumb0060.jpg,1920,1080,no_parking,1656,512,1730,592
FILE190902-160744F.MP4.thumb0060.jpg,1920,1080,priority_road,1618,327,1711,427
FILE190902-160744F.MP4.thumb0060.jpg,1920,1080,speed_limit_70,1637,440,1719,510
FILE190726-161511F.MP4.thumb0024.jpg,1920,1080,speed_limit_60,986,655,1017,684
FILE190726-161511F.MP4.thumb0024.jpg,1920,1080,speed_limit_60,557,622,584,646
FILE190726-161511F.MP4.thumb0024.jpg,1920,1080,road_works,556,593,583,621
FILE190726-161511F.MP4.thumb0024.jpg,1920,1080,road_works,986,633,1016,657
FILE190726-161511F.MP4.thumb0024.jpg,1920,1080,no_overtaking,984,682,1012,709
FILE190726-161511F.MP4.thumb0024.jpg,1920,1080,no_overtaking,556,646,586,672
FILE190713-104655F.shrink.mp4.thumb0002.jpg,1280,720,speed_limit_40,833,19,873,57
FILE190713-104655F.shrink.mp4.thumb0002.jpg,1280,720,no_overtaking,829,56,876,97
FILE190712-091517F.shrink.mp4.thumb0002.jpg,1280,720,speed_limit_40,703,50,731,79
FILE190726-162951F.MP4.thumb0015.jpg,1920,1080,no_overtaking,1003,630,1041,674
FILE190726-162951F.MP4.thumb0015.jpg,1920,1080,no_overtaking,536,604,576,644
FILE190726-173034F.MP4.thumb0036.jpg,1920,1080,speed_limit_70,982,612,1019,647
FILE190726-173034F.MP4.thumb0036.jpg,1920,1080,no_parking,981,642,1018,678
FILE190726-173034F.MP4.thumb0036.jpg,1920,1080,priority_road,988,583,1018,615
FILE190726-161811F.MP4.thumb0010.jpg,1920,1080,speed_limit_60,1045,614,1079,650
FILE190726-161811F.MP4.thumb0010.jpg,1920,1080,no_overtaking,1040,649,1077,682
FILE190713-110400F.shrink.mp4.thumb0049.jpg,1280,720,pedestrian_crossing,916,13,983,81
FILE190713-110400F.shrink.mp4.thumb0049.jpg,1280,720,pedestrian_crossing,291,1,356,56
FILE190726-171931F.MP4.thumb0031.jpg,1920,1080,no_parking,1054,526,1112,583
FILE190726-162012F.MP4.thumb0035.jpg,1920,1080,speed_limit_60,963,672,990,697
FILE190726-162012F.MP4.thumb0035.jpg,1920,1080,speed_limit_60,584,649,608,674
FILE190726-162012F.MP4.thumb0035.jpg,1920,1080,no_overtaking,589,625,611,651
FILE190726-162012F.MP4.thumb0035.jpg,1920,1080,no_overtaking,965,646,992,670
FILE190726-162012F.MP4.thumb0035.jpg,1920,1080,road_works,963,620,996,649
FILE190726-162012F.MP4.thumb0035.jpg,1920,1080,road_works,591,603,611,629
FILE190726-173936F.MP4.thumb0008.jpg,1920,1080,no_parking,1027,581,1078,633
FILE190726-152135F.MP4.thumb0024.jpg,1920,1080,speed_limit_70,1092,602,1113,622
FILE190726-152135F.MP4.thumb0024.jpg,1920,1080,speed_limit_70,653,590,674,611
FILE190726-152135F.MP4.thumb0024.jpg,1920,1080,priority_road,1090,577,1116,605
FILE190726-154620F.MP4.thumb0059.jpg,1920,1080,priority_road,1677,420,1792,562
FILE190713-114837F.shrink.mp4.thumb0018.jpg,1280,720,priority_road,1165,1,1201,43
FILE190713-114837F.shrink.mp4.thumb0018.jpg,1280,720,speed_limit_70,1167,41,1208,86
FILE190713-114837F.shrink.mp4.thumb0018.jpg,1280,720,no_parking,1166,80,1208,131
FILE190726-155523F.MP4.thumb0036.jpg,1920,1080,no_overtaking,1227,567,1299,641
FILE190726-155523F.MP4.thumb0036.jpg,1920,1080,no_overtaking,218,514,271,579
FILE190726-165825F.MP4.thumb0040.jpg,1920,1080,pedestrian_crossing,1158,554,1199,599
FILE190726-173836F.MP4.thumb0024.jpg,1920,1080,pedestrian_crossing,996,584,1039,625
FILE190726-161410F.MP4.thumb0056.jpg,1920,1080,priority_road,1105,552,1163,612
FILE190713-095302F.shrink.mp4.thumb0042.jpg,1280,720,pedestrian_crossing,818,1,863,45
FILE190726-173535F.MP4.thumb0001.jpg,1920,1080,warning,1319,505,1444,617
FILE190726-173535F.MP4.thumb0001.jpg,1920,1080,pedestrian_crossing,1284,390,1426,524
FILE190726-170026F.MP4.thumb0012.jpg,1920,1080,priority_road,1274,517,1317,556
FILE190726-170026F.MP4.thumb0012.jpg,1920,1080,no_parking,1277,595,1322,634
FILE190726-162751F.MP4.thumb0013.jpg,1920,1080,no_overtaking,983,654,1007,677
FILE190726-162751F.MP4.thumb0013.jpg,1920,1080,no_overtaking,652,636,671,658
FILE190713-092410F.shrink.mp4.thumb0030.jpg,1280,720,speed_limit_60,672,23,706,55
FILE190713-092410F.shrink.mp4.thumb0030.jpg,1280,720,no_overtaking,674,54,714,88
FILE190713-095603F.shrink.mp4.thumb0024.jpg,1280,720,warning,818,27,871,73
FILE190713-095603F.shrink.mp4.thumb0024.jpg,1280,720,pedestrian_crossing,819,1,863,33
FILE190726-152135F.MP4.thumb0017.jpg,1920,1080,speed_limit_70,1103,531,1158,592
FILE190726-160024F.MP4.thumb0006.jpg,1920,1080,no_overtaking,1339,378,1436,481
FILE190726-160024F.MP4.thumb0006.jpg,1920,1080,speed_limit_40,1343,488,1446,600
FILE190713-091808F.shrink.mp4.thumb0047.jpg,1280,720,no_overtaking,1031,11,1153,164
FILE190726-160024F.MP4.thumb0004.jpg,1920,1080,no_overtaking,997,613,1027,641
FILE190726-160024F.MP4.thumb0004.jpg,1920,1080,speed_limit_40,997,640,1027,669
FILE190713-105858F.shrink.mp4.thumb0057.jpg,1280,720,pedestrian_crossing,826,1,883,50
FILE190712-091517F.shrink.mp4.thumb0006.jpg,1280,720,speed_limit_40,673,97,700,124
FILE190712-091517F.shrink.mp4.thumb0006.jpg,1280,720,no_parking,674,65,704,100
FILE190712-091618F.shrink.mp4.thumb0015.jpg,1280,720,speed_limit_40,820,70,873,121
FILE190712-091618F.shrink.mp4.thumb0015.jpg,1280,720,warning,824,29,872,75
FILE190726-161611F.MP4.thumb0006.jpg,1920,1080,warning,1730,200,1858,369
FILE190726-161611F.MP4.thumb0006.jpg,1920,1080,speed_limit_60,1746,358,1875,534
FILE190726-161611F.MP4.thumb0006.jpg,1920,1080,no_overtaking,1781,537,1898,723
FILE190726-172332F.MP4.thumb0027.jpg,1920,1080,priority_road,913,458,989,534
FILE190726-170026F.MP4.thumb0022.jpg,1920,1080,pedestrian_crossing,1242,499,1316,575
FILE190713-091407F.shrink.mp4.thumb0049.jpg,1280,720,speed_limit_60,816,7,867,57
FILE190713-091407F.shrink.mp4.thumb0049.jpg,1280,720,no_overtaking,817,56,866,102
FILE190726-172231F.MP4.thumb0029.jpg,1920,1080,pedestrian_crossing,1242,557,1308,621
FILE190726-172231F.MP4.thumb0029.jpg,1920,1080,no_entry,170,590,194,626
FILE190726-172231F.MP4.thumb0029.jpg,1920,1080,priority_road,1189,576,1224,612
FILE190726-174036F.MP4.thumb0021.jpg,1920,1080,warning,1157,530,1215,585
FILE190726-174036F.MP4.thumb0021.jpg,1920,1080,no_parking,1154,579,1213,634
FILE190726-172532F.MP4.thumb0028.jpg,1920,1080,priority_road,1023,570,1061,609
FILE190726-171229F.MP4.thumb0003.jpg,1920,1080,priority_road,986,608,1022,648
FILE190726-155523F.MP4.thumb0035.jpg,1920,1080,no_overtaking,1005,639,1035,669
FILE190726-155523F.MP4.thumb0035.jpg,1920,1080,no_overtaking,598,618,629,646
FILE190726-170126F.MP4.thumb0052.jpg,1920,1080,no_parking,1009,614,1036,645
FILE190713-110300F.shrink.mp4.thumb0015.jpg,1280,720,no_parking,814,4,859,51
FILE190726-170226F.MP4.thumb0044.jpg,1920,1080,priority_road,1008,565,1045,597
FILE190713-094119F.shrink.mp4.thumb0011.jpg,1280,720,no_overtaking,493,35,520,68
FILE190713-094119F.shrink.mp4.thumb0011.jpg,1280,720,no_overtaking,1080,110,1109,143
FILE190713-094119F.shrink.mp4.thumb0011.jpg,1280,720,priority_road,1078,75,1116,113
FILE190726-170126F.MP4.thumb0047.jpg,1920,1080,warning,1289,367,1409,475
FILE190726-170126F.MP4.thumb0047.jpg,1920,1080,pedestrian_crossing,1282,274,1405,369
FILE190713-091106F.shrink.mp4.thumb0010.jpg,1280,720,no_overtaking,724,25,785,83
FILE190726-152135F.MP4.thumb0016.jpg,1920,1080,speed_limit_70,473,567,508,602
FILE190726-152135F.MP4.thumb0016.jpg,1920,1080,speed_limit_70,942,609,970,636
FILE190713-092711F.shrink.mp4.thumb0006.jpg,1280,720,speed_limit_60,640,35,668,60
FILE190713-092711F.shrink.mp4.thumb0006.jpg,1280,720,no_overtaking,640,59,667,84
FILE190902-110221F.MP4.thumb0042.jpg,1920,1080,speed_limit_70,1695,640,1726,669
FILE190902-110221F.MP4.thumb0042.jpg,1920,1080,priority_road,1692,601,1723,633
FILE190902-110221F.MP4.thumb0042.jpg,1920,1080,keep_right,1069,765,1102,795
FILE190726-152336F.MP4.thumb0045.jpg,1920,1080,speed_limit_70,1408,558,1454,616
FILE190726-152336F.MP4.thumb0045.jpg,1920,1080,priority_road,1401,500,1453,559
FILE190726-173034F.MP4.thumb0012.jpg,1920,1080,speed_limit_70,1053,638,1094,678
FILE190726-173034F.MP4.thumb0012.jpg,1920,1080,warning,1007,639,1050,673
FILE190726-162851F.MP4.thumb0030.jpg,1920,1080,priority_road,971,644,1000,669
FILE190726-173435F.MP4.thumb0060.jpg,1920,1080,warning,1002,634,1051,671
FILE190726-173435F.MP4.thumb0060.jpg,1920,1080,pedestrian_crossing,991,595,1050,637
FILE190726-165925F.MP4.thumb0049.jpg,1920,1080,priority_road,1599,327,1673,417
FILE190726-165925F.MP4.thumb0049.jpg,1920,1080,no_parking,1622,502,1699,590
FILE190726-164519F.MP4.thumb0001.jpg,1920,1080,warning,1160,489,1239,559
FILE190726-164519F.MP4.thumb0001.jpg,1920,1080,warning,1168,428,1239,493
FILE190726-165925F.MP4.thumb0021.jpg,1920,1080,warning,1437,423,1502,486
FILE190726-165925F.MP4.thumb0021.jpg,1920,1080,no_parking,1444,486,1502,546
FILE190726-165925F.MP4.thumb0021.jpg,1920,1080,pedestrian_crossing,1430,361,1496,430
FILE190726-171329F.MP4.thumb0045.jpg,1920,1080,priority_road,1080,488,1163,572
FILE190726-170226F.MP4.thumb0031.jpg,1920,1080,priority_road,1606,238,1713,378
FILE190726-171830F.MP4.thumb0032.jpg,1920,1080,warning,1013,564,1051,600
FILE190726-171830F.MP4.thumb0032.jpg,1920,1080,priority_road,952,594,989,630
FILE190726-155022F.MP4.thumb0019.jpg,1920,1080,no_parking,1016,630,1053,665
FILE190726-155022F.MP4.thumb0020.jpg,1920,1080,no_parking,1516,424,1633,562
FILE190726-165825F.MP4.thumb0045.jpg,1920,1080,pedestrian_crossing,1561,417,1649,521
FILE190726-165825F.MP4.thumb0045.jpg,1920,1080,priority_road,1095,590,1127,619
FILE190726-155222F.MP4.thumb0005.jpg,1920,1080,warning,1103,623,1144,660
FILE190726-170026F.MP4.thumb0023.jpg,1920,1080,no_parking,1212,564,1260,610
FILE190726-165925F.MP4.thumb0025.jpg,1920,1080,priority_road,1121,579,1160,615
FILE190726-165925F.MP4.thumb0025.jpg,1920,1080,pedestrian_crossing,1597,360,1707,492
FILE190726-164920F.MP4.thumb0033.jpg,1920,1080,no_overtaking,1303,502,1370,575
FILE190726-164920F.MP4.thumb0033.jpg,1920,1080,warning,1171,555,1222,598
FILE190726-173635F.MP4.thumb0053.jpg,1920,1080,pedestrian_crossing,1258,455,1351,548
FILE190726-171931F.MP4.thumb0022.jpg,1920,1080,no_parking,975,586,1016,626
FILE190713-100605F.shrink.mp4.thumb0017.jpg,1280,720,speed_limit_40,681,81,702,100
FILE190713-100605F.shrink.mp4.thumb0017.jpg,1280,720,no_overtaking,680,60,703,81
FILE190726-170226F.MP4.thumb0045.jpg,1920,1080,priority_road,1353,341,1439,436
FILE190713-092009F.shrink.mp4.thumb0019.jpg,1280,720,no_overtaking,951,22,1064,152
FILE190726-155222F.MP4.thumb0028.jpg,1920,1080,warning,1733,513,1830,644
FILE190726-165424F.MP4.thumb0014.jpg,1920,1080,priority_road,1033,503,1082,557
FILE190713-114235F.shrink.mp4.thumb0060.jpg,1280,720,speed_limit_70,1055,71,1078,100
FILE190726-155924F.MP4.thumb0024.jpg,1920,1080,no_overtaking,1302,430,1391,523
FILE190726-155924F.MP4.thumb0024.jpg,1920,1080,speed_limit_60,1298,523,1387,605
FILE190726-171229F.MP4.thumb0004.jpg,1920,1080,priority_road,1175,459,1281,564
FILE190726-173836F.MP4.thumb0002.jpg,1920,1080,pedestrian_crossing,983,615,1022,651
FILE190726-162751F.MP4.thumb0014.jpg,1920,1080,no_overtaking,1067,624,1106,665
FILE190726-162751F.MP4.thumb0014.jpg,1920,1080,no_overtaking,482,593,516,636
FILE190726-161410F.MP4.thumb0015.jpg,1920,1080,road_works,1260,445,1365,555
FILE190726-161410F.MP4.thumb0015.jpg,1920,1080,speed_limit_60,1258,537,1363,643
FILE190726-161410F.MP4.thumb0015.jpg,1920,1080,no_overtaking,1257,634,1354,738
FILE190713-095803F.shrink.mp4.thumb0018.jpg,1280,720,warning,815,10,854,42
FILE190713-095803F.shrink.mp4.thumb0018.jpg,1280,720,pedestrian_crossing,815,42,850,74
FILE190726-161611F.MP4.thumb0012.jpg,1920,1080,speed_limit_60,995,617,1032,657
FILE190726-161611F.MP4.thumb0012.jpg,1920,1080,speed_limit_60,475,598,507,633
FILE190726-161611F.MP4.thumb0012.jpg,1920,1080,no_overtaking,475,631,508,663
FILE190726-161611F.MP4.thumb0012.jpg,1920,1080,no_overtaking,507,618,533,647
FILE190726-161611F.MP4.thumb0012.jpg,1920,1080,no_overtaking,997,653,1032,688
FILE190713-090305F.shrink.mp4.thumb0043.jpg,1280,720,no_parking,761,27,802,67
FILE190726-155022F.MP4.thumb0024.jpg,1920,1080,no_overtaking,1757,431,1857,592
FILE190726-173635F.MP4.thumb0008.jpg,1920,1080,no_parking,962,631,996,662
FILE190726-173635F.MP4.thumb0008.jpg,1920,1080,priority_road,964,604,991,632
FILE190726-155723F.MP4.thumb0009.jpg,1920,1080,no_overtaking,970,610,997,638
FILE190726-155723F.MP4.thumb0009.jpg,1920,1080,no_overtaking,585,605,611,630
FILE190726-155723F.MP4.thumb0009.jpg,1920,1080,speed_limit_60,584,626,610,650
FILE190726-155723F.MP4.thumb0009.jpg,1920,1080,speed_limit_60,968,633,993,657
FILE190726-155723F.MP4.thumb0009.jpg,1920,1080,priority_road,1019,573,1050,608
FILE190712-091517F.shrink.mp4.thumb0057.jpg,1280,720,speed_limit_40,828,2,906,82
FILE190726-161310F.MP4.thumb0059.jpg,1920,1080,speed_limit_60,1011,627,1051,663
FILE190726-161310F.MP4.thumb0059.jpg,1920,1080,speed_limit_60,494,598,524,631
FILE190726-161310F.MP4.thumb0033.jpg,1920,1080,no_overtaking,1068,652,1127,698
FILE190726-161310F.MP4.thumb0033.jpg,1920,1080,no_overtaking,308,616,354,662
FILE190726-161310F.MP4.thumb0033.jpg,1920,1080,speed_limit_60,316,571,353,610
FILE190726-161310F.MP4.thumb0033.jpg,1920,1080,speed_limit_60,1078,602,1130,650
FILE190726-161310F.MP4.thumb0033.jpg,1920,1080,road_works,1080,555,1130,605
FILE190726-161310F.MP4.thumb0033.jpg,1920,1080,road_works,313,526,356,568
FILE190726-160125F.MP4.thumb0024.jpg,1920,1080,no_overtaking,533,608,572,649
FILE190726-152235F.MP4.thumb0042.jpg,1920,1080,speed_limit_70,1739,413,1794,500
FILE190726-155122F.MP4.thumb0009.jpg,1920,1080,no_overtaking,1433,571,1518,671
FILE190713-095001F.shrink.mp4.thumb0049.jpg,1280,720,warning,730,42,772,84
FILE190713-095001F.shrink.mp4.thumb0049.jpg,1280,720,pedestrian_crossing,728,7,770,44
FILE190726-161511F.MP4.thumb0025.jpg,1920,1080,no_overtaking,1196,663,1275,741
FILE190726-161511F.MP4.thumb0025.jpg,1920,1080,no_overtaking,103,562,149,626
FILE190726-161511F.MP4.thumb0025.jpg,1920,1080,speed_limit_60,113,500,157,564
FILE190726-161511F.MP4.thumb0025.jpg,1920,1080,speed_limit_60,1202,585,1275,667
FILE190726-161511F.MP4.thumb0025.jpg,1920,1080,road_works,1196,510,1277,583
FILE190726-161511F.MP4.thumb0025.jpg,1920,1080,road_works,119,436,170,499
FILE190726-155723F.MP4.thumb0010.jpg,1920,1080,no_overtaking,1029,574,1073,606
FILE190726-155723F.MP4.thumb0010.jpg,1920,1080,no_overtaking,429,558,465,593
FILE190726-155723F.MP4.thumb0010.jpg,1920,1080,priority_road,1146,478,1203,531
FILE190726-155723F.MP4.thumb0010.jpg,1920,1080,speed_limit_60,1027,605,1065,641
FILE190726-155723F.MP4.thumb0010.jpg,1920,1080,speed_limit_60,426,591,464,626
FILE190726-152235F.MP4.thumb0041.jpg,1920,1080,speed_limit_70,487,537,525,581
FILE190726-152235F.MP4.thumb0041.jpg,1920,1080,speed_limit_70,1199,590,1234,628
FILE190713-114636F.shrink.mp4.thumb0011.jpg,1280,720,speed_limit_60,843,3,884,47
FILE190713-094521F.shrink.mp4.thumb0026.jpg,1280,720,pedestrian_crossing,629,6,677,49
FILE190713-091407F.shrink.mp4.thumb0048.jpg,1280,720,speed_limit_60,686,50,715,77
FILE190713-091407F.shrink.mp4.thumb0048.jpg,1280,720,no_overtaking,683,73,712,98
FILE190726-165925F.MP4.thumb0008.jpg,1920,1080,priority_road,1425,493,1480,554
FILE190726-172332F.MP4.thumb0059.jpg,1920,1080,priority_road,999,604,1033,632
FILE190726-172332F.MP4.thumb0059.jpg,1920,1080,warning,997,631,1034,663
FILE190726-152034F.MP4.thumb0005.jpg,1920,1080,speed_limit_70,1042,485,1094,538
FILE190726-152034F.MP4.thumb0005.jpg,1920,1080,priority_road,1034,437,1094,490
FILE190726-152034F.MP4.thumb0005.jpg,1920,1080,no_parking,1040,538,1095,593
FILE190726-152336F.MP4.thumb0042.jpg,1920,1080,speed_limit_40,1475,519,1519,557
FILE190726-170126F.MP4.thumb0017.jpg,1920,1080,pedestrian_crossing,1064,499,1146,579
FILE190726-165825F.MP4.thumb0044.jpg,1920,1080,pedestrian_crossing,1135,574,1182,622
FILE190726-171830F.MP4.thumb0017.jpg,1920,1080,priority_road,967,583,1008,621
FILE190713-105858F.shrink.mp4.thumb0046.jpg,1280,720,speed_limit_70,733,42,761,70
FILE190712-091517F.shrink.mp4.thumb0013.jpg,1280,720,speed_limit_40,658,91,683,115
FILE190712-091517F.shrink.mp4.thumb0013.jpg,1280,720,no_parking,655,64,686,93
FILE190726-152034F.MP4.thumb0021.jpg,1920,1080,speed_limit_70,1203,372,1273,440
FILE190726-152034F.MP4.thumb0021.jpg,1920,1080,speed_limit_70,295,413,337,458
FILE190726-152034F.MP4.thumb0021.jpg,1920,1080,yield,1680,567,1712,600
FILE190726-152034F.MP4.thumb0021.jpg,1920,1080,pedestrian_crossing,1205,437,1282,512
FILE190726-152034F.MP4.thumb0021.jpg,1920,1080,pedestrian_crossing,288,452,336,507
FILE190726-173836F.MP4.thumb0050.jpg,1920,1080,priority_road,1350,431,1412,495
FILE190726-173836F.MP4.thumb0050.jpg,1920,1080,pedestrian_crossing,1356,493,1426,567
FILE190712-091718F.shrink.mp4.thumb0041.jpg,1280,720,no_parking,823,59,872,104
FILE190726-154620F.MP4.thumb0058.jpg,1920,1080,priority_road,1054,635,1089,670
FILE190726-165825F.MP4.thumb0023.jpg,1920,1080,priority_road,1327,385,1425,479
FILE190713-110500F.shrink.mp4.thumb0002.jpg,1280,720,no_parking,774,24,813,58
FILE190712-091517F.shrink.mp4.thumb0048.jpg,1280,720,speed_limit_40,698,61,725,85
FILE190712-091517F.shrink.mp4.thumb0048.jpg,1280,720,no_parking,698,83,723,106
FILE190712-091517F.shrink.mp4.thumb0048.jpg,1280,720,stop,775,56,788,90
FILE190726-172432F.MP4.thumb0039.jpg,1920,1080,no_overtaking,1450,405,1556,506
FILE190726-172432F.MP4.thumb0039.jpg,1920,1080,priority_road,1016,579,1051,614
FILE190726-161310F.MP4.thumb0012.jpg,1920,1080,speed_limit_60,1243,572,1342,654
FILE190726-161310F.MP4.thumb0012.jpg,1920,1080,speed_limit_60,250,548,292,605
FILE190726-161310F.MP4.thumb0012.jpg,1920,1080,no_overtaking,239,602,288,655
FILE190726-161310F.MP4.thumb0012.jpg,1920,1080,no_overtaking,1251,657,1342,740
FILE190726-161310F.MP4.thumb0012.jpg,1920,1080,road_works,251,502,296,552
FILE190726-161310F.MP4.thumb0012.jpg,1920,1080,road_works,1246,485,1336,572
FILE190712-091517F.shrink.mp4.thumb0014.jpg,1280,720,no_parking,729,7,785,56
FILE190712-091517F.shrink.mp4.thumb0014.jpg,1280,720,speed_limit_40,731,56,780,99
FILE190726-163252F.MP4.thumb0045.jpg,1920,1080,no_overtaking,1498,634,1534,696
FILE190713-110400F.shrink.mp4.thumb0024.jpg,1280,720,no_parking,801,50,834,81
FILE190713-090305F.shrink.mp4.thumb0002.jpg,1280,720,no_overtaking,731,29,767,62
FILE190726-155824F.MP4.thumb0001.jpg,1920,1080,priority_road,788,614,825,653
FILE190726-161611F.MP4.thumb0039.jpg,1920,1080,road_works,1403,345,1520,459
FILE190726-161611F.MP4.thumb0039.jpg,1920,1080,speed_limit_60,1406,455,1523,572
FILE190726-161611F.MP4.thumb0039.jpg,1920,1080,no_overtaking,1429,571,1534,692
FILE190726-160826F.MP4.thumb0011.jpg,1920,1080,speed_limit_60,1181,646,1203,670
FILE190726-160826F.MP4.thumb0011.jpg,1920,1080,yield,1399,621,1428,657
FILE190726-160826F.MP4.thumb0011.jpg,1920,1080,no_overtaking,1181,669,1204,692
FILE190726-164519F.MP4.thumb0013.jpg,1920,1080,pedestrian_crossing,1327,477,1388,526
FILE190726-165321F.MP4.thumb0040.jpg,1920,1080,warning,1194,451,1284,533
FILE190726-165321F.MP4.thumb0040.jpg,1920,1080,warning,161,474,223,548
FILE190726-165321F.MP4.thumb0040.jpg,1920,1080,speed_limit_60,160,543,218,613
FILE190726-165321F.MP4.thumb0040.jpg,1920,1080,speed_limit_60,1199,533,1281,606
FILE190713-114536F.shrink.mp4.thumb0022.jpg,1280,720,speed_limit_60,763,21,790,51
FILE190726-165925F.MP4.thumb0026.jpg,1920,1080,priority_road,1486,427,1556,508
FILE190726-155623F.MP4.thumb0048.jpg,1920,1080,no_overtaking,990,650,1013,675
FILE190726-155623F.MP4.thumb0048.jpg,1920,1080,priority_road,988,629,1015,653
FILE190903-093611F.MP4.thumb0035.jpg,1920,1080,speed_limit_70,1608,558,1654,606
FILE190903-093611F.MP4.thumb0035.jpg,1920,1080,no_parking,1599,509,1649,558
FILE190903-093611F.MP4.thumb0035.jpg,1920,1080,priority_road,1594,465,1646,509
FILE190726-170427F.MP4.thumb0009.jpg,1920,1080,priority_road,1192,469,1280,550
FILE190726-171830F.MP4.thumb0034.jpg,1920,1080,priority_road,1340,333,1473,471
FILE190726-173535F.MP4.thumb0055.jpg,1920,1080,no_parking,1367,450,1453,543
FILE190726-173535F.MP4.thumb0055.jpg,1920,1080,priority_road,1351,355,1443,452
FILE190726-173936F.MP4.thumb0049.jpg,1920,1080,warning,1453,299,1570,414
FILE190726-173936F.MP4.thumb0049.jpg,1920,1080,pedestrian_crossing,1480,409,1589,528
FILE190726-155824F.MP4.thumb0002.jpg,1920,1080,priority_road,1207,597,1254,645
FILE190726-155723F.MP4.thumb0014.jpg,1920,1080,warning,1244,528,1320,609
FILE190726-155723F.MP4.thumb0014.jpg,1920,1080,warning,56,507,98,572
FILE190726-155723F.MP4.thumb0014.jpg,1920,1080,speed_limit_40,258,564,299,609
FILE190726-155723F.MP4.thumb0014.jpg,1920,1080,speed_limit_40,1118,579,1171,631
FILE190726-162112F.MP4.thumb0003.jpg,1920,1080,priority_road,1065,592,1112,637
FILE190726-154520F.MP4.thumb0005.jpg,1920,1080,priority_road,1730,462,1789,533
FILE190713-092711F.shrink.mp4.thumb0028.jpg,1280,720,no_overtaking,745,27,802,79
FILE190713-091507F.shrink.mp4.thumb0049.jpg,1280,720,no_overtaking,859,26,945,105
FILE190726-155723F.MP4.thumb0015.jpg,1920,1080,speed_limit_40,1564,372,1685,509
FILE190726-164418F.MP4.thumb0061.jpg,1920,1080,warning,1085,483,1146,534
FILE190726-164418F.MP4.thumb0061.jpg,1920,1080,warning,1088,530,1147,579
FILE190726-161912F.MP4.thumb0016.jpg,1920,1080,dog,1174,617,1212,653
FILE190726-161912F.MP4.thumb0016.jpg,1920,1080,dog,591,606,620,634
FILE190726-155924F.MP4.thumb0026.jpg,1920,1080,speed_limit_40,1144,585,1191,633
FILE190726-170026F.MP4.thumb0044.jpg,1920,1080,pedestrian_crossing,925,597,958,628
FILE190726-170026F.MP4.thumb0044.jpg,1920,1080,pedestrian_crossing,1050,595,1074,621
FILE190726-170026F.MP4.thumb0044.jpg,1920,1080,keep_right,674,673,712,705
FILE190713-115931F.shrink.mp4.thumb0036.jpg,1280,720,no_overtaking,907,43,957,94
FILE190726-155222F.MP4.thumb0035.jpg,1920,1080,speed_limit_70,997,659,1021,683
FILE190726-155222F.MP4.thumb0035.jpg,1920,1080,speed_limit_70,596,641,613,662
FILE190726-155623F.MP4.thumb0049.jpg,1920,1080,priority_road,1112,553,1170,606
FILE190726-155623F.MP4.thumb0049.jpg,1920,1080,no_overtaking,1108,599,1174,653
FILE190726-172031F.MP4.thumb0010.jpg,1920,1080,no_parking,1256,507,1349,595
FILE190726-172031F.MP4.thumb0010.jpg,1920,1080,priority_road,1249,420,1336,505
FILE190726-171931F.MP4.thumb0023.jpg,1920,1080,no_parking,1258,354,1387,481
FILE190713-091407F.shrink.mp4.thumb0012.jpg,1280,720,speed_limit_60,629,35,657,62
FILE190713-091407F.shrink.mp4.thumb0012.jpg,1280,720,no_overtaking,631,64,659,89
FILE190713-090204F.shrink.mp4.thumb0043.jpg,1280,720,no_parking,1030,59,1071,101
FILE190713-090204F.shrink.mp4.thumb0043.jpg,1280,720,priority_road,1030,28,1063,65
FILE190712-091718F.shrink.mp4.thumb0015.jpg,1280,720,speed_limit_40,669,74,694,99
FILE190713-115230F.shrink.mp4.thumb0026.jpg,1280,720,pedestrian_crossing,279,41,320,84
FILE190713-115230F.shrink.mp4.thumb0026.jpg,1280,720,keep_right,282,138,320,173
FILE190713-115230F.shrink.mp4.thumb0026.jpg,1280,720,pedestrian_crossing,824,1,861,39
FILE190726-170026F.MP4.thumb0004.jpg,1920,1080,pedestrian_crossing,1256,493,1319,552
FILE190712-091618F.shrink.mp4.thumb0028.jpg,1280,720,no_parking,857,56,893,92
FILE190726-152034F.MP4.thumb0003.jpg,1920,1080,pedestrian_crossing,385,551,426,602
FILE190726-152034F.MP4.thumb0003.jpg,1920,1080,pedestrian_crossing,954,519,1005,572
FILE190726-152034F.MP4.thumb0003.jpg,1920,1080,speed_limit_70,525,632,547,656
FILE190726-152034F.MP4.thumb0003.jpg,1920,1080,speed_limit_70,870,617,894,636
FILE190726-152034F.MP4.thumb0003.jpg,1920,1080,priority_road,870,600,890,620
FILE190726-152034F.MP4.thumb0003.jpg,1920,1080,no_parking,871,633,892,654
FILE190713-114837F.shrink.mp4.thumb0017.jpg,1280,720,speed_limit_70,897,75,922,100
FILE190713-114837F.shrink.mp4.thumb0017.jpg,1280,720,no_parking,896,94,923,121
FILE190713-114837F.shrink.mp4.thumb0017.jpg,1280,720,priority_road,899,51,924,74
FILE190726-155924F.MP4.thumb0057.jpg,1920,1080,warning,987,565,1032,603
FILE190726-155924F.MP4.thumb0057.jpg,1920,1080,speed_limit_40,987,600,1029,635
FILE190726-164619F.MP4.thumb0013.jpg,1920,1080,pedestrian_crossing,582,546,633,595
FILE190726-164619F.MP4.thumb0013.jpg,1920,1080,pedestrian_crossing,1279,533,1327,581
FILE190726-172432F.MP4.thumb0040.jpg,1920,1080,priority_road,1382,375,1477,478
FILE190713-094521F.shrink.mp4.thumb0019.jpg,1280,720,pedestrian_crossing,681,20,725,57
FILE190713-094521F.shrink.mp4.thumb0019.jpg,1280,720,pedestrian_crossing,359,33,402,70
FILE190713-094521F.shrink.mp4.thumb0019.jpg,1280,720,yield,413,53,442,78
FILE190713-094521F.shrink.mp4.thumb0019.jpg,1280,720,yield,620,33,643,53
FILE190713-094521F.shrink.mp4.thumb0019.jpg,1280,720,roundabout,618,52,645,77
FILE190713-094521F.shrink.mp4.thumb0019.jpg,1280,720,roundabout,417,76,440,94
FILE190713-115230F.shrink.mp4.thumb0029.jpg,1280,720,priority_road,748,1,780,29
FILE190713-115230F.shrink.mp4.thumb0029.jpg,1280,720,speed_limit_70,747,30,781,59
FILE190713-115230F.shrink.mp4.thumb0029.jpg,1280,720,no_parking,749,59,784,91
FILE190726-170326F.MP4.thumb0002.jpg,1920,1080,priority_road,1007,573,1040,604
FILE190726-172031F.MP4.thumb0022.jpg,1920,1080,no_overtaking,961,538,1001,574
FILE190726-172031F.MP4.thumb0022.jpg,1920,1080,yield,962,570,1005,609
FILE190726-152436F.MP4.thumb0005.jpg,1920,1080,speed_limit_70,1667,476,1706,531
FILE190726-152436F.MP4.thumb0005.jpg,1920,1080,no_parking,1670,527,1713,588
FILE190726-155122F.MP4.thumb0007.jpg,1920,1080,warning,1177,620,1239,676
FILE190726-155022F.MP4.thumb0018.jpg,1920,1080,no_parking,951,654,973,675
FILE190713-090505F.shrink.mp4.thumb0032.jpg,1280,720,speed_limit_40,398,35,428,64
FILE190713-090505F.shrink.mp4.thumb0032.jpg,1280,720,speed_limit_40,916,64,940,89
FILE190726-155022F.MP4.thumb0040.jpg,1920,1080,priority_road,1135,559,1182,607
FILE190726-155022F.MP4.thumb0040.jpg,1920,1080,no_parking,1005,668,1031,692
FILE190726-155022F.MP4.thumb0040.jpg,1920,1080,warning,1009,638,1035,664
FILE190726-161227F.MP4.thumb0023.jpg,1920,1080,warning,999,620,1034,655
FILE190726-164719F.MP4.thumb0056.jpg,1920,1080,pedestrian_crossing,1018,531,1071,586
FILE190726-162851F.MP4.thumb0031.jpg,1920,1080,priority_road,1022,627,1066,667
FILE190726-152235F.MP4.thumb0017.jpg,1920,1080,speed_limit_70,1434,443,1495,512
FILE190726-170427F.MP4.thumb0020.jpg,1920,1080,speed_limit_70,1050,548,1097,591
FILE190726-155122F.MP4.thumb0015.jpg,1920,1080,warning,966,649,992,673
FILE190726-155122F.MP4.thumb0015.jpg,1920,1080,warning,621,626,643,646
FILE190713-100605F.shrink.mp4.thumb0020.jpg,1280,720,speed_limit_40,1116,45,1186,141
FILE190713-094901F.shrink.mp4.thumb0002.jpg,1280,720,no_parking,878,15,937,73
FILE190712-091116F.shrink.mp4.thumb0015.jpg,1280,720,no_parking,735,66,776,100
FILE190726-171830F.MP4.thumb0018.jpg,1920,1080,warning,73,461,144,548
FILE190726-171830F.MP4.thumb0018.jpg,1920,1080,priority_road,1312,321,1454,467
FILE190726-154520F.MP4.thumb0004.jpg,1920,1080,priority_road,1746,476,1798,537
FILE190726-162951F.MP4.thumb0016.jpg,1920,1080,no_overtaking,1343,509,1440,617
FILE190726-162951F.MP4.thumb0016.jpg,1920,1080,no_overtaking,27,457,92,538
FILE190713-091106F.shrink.mp4.thumb0038.jpg,1280,720,speed_limit_60,729,1,780,37
FILE190713-091106F.shrink.mp4.thumb0038.jpg,1280,720,no_overtaking,725,36,780,87
FILE190726-162951F.MP4.thumb0023.jpg,1920,1080,speed_limit_70,715,612,742,639
FILE190726-162951F.MP4.thumb0023.jpg,1920,1080,speed_limit_70,1082,625,1110,651
FILE190726-162951F.MP4.thumb0023.jpg,1920,1080,no_overtaking,1082,650,1111,678
FILE190726-162951F.MP4.thumb0023.jpg,1920,1080,no_overtaking,717,636,741,665
FILE190726-173836F.MP4.thumb0003.jpg,1920,1080,pedestrian_crossing,1102,559,1163,616
FILE190726-161410F.MP4.thumb0042.jpg,1920,1080,road_works,1168,538,1237,605
FILE190726-161410F.MP4.thumb0042.jpg,1920,1080,road_works,236,493,284,547
FILE190726-161410F.MP4.thumb0042.jpg,1920,1080,speed_limit_60,1167,596,1230,658
FILE190726-161410F.MP4.thumb0042.jpg,1920,1080,speed_limit_60,236,594,277,645
FILE190726-161410F.MP4.thumb0042.jpg,1920,1080,no_overtaking,233,542,279,593
FILE190726-161410F.MP4.thumb0042.jpg,1920,1080,no_overtaking,1159,658,1223,725
FILE190726-153037F.MP4.thumb0008.jpg,1920,1080,speed_limit_60,1239,638,1267,669
FILE190713-094320F.shrink.mp4.thumb0048.jpg,1280,720,pedestrian_crossing,812,16,855,58
FILE190713-094320F.shrink.mp4.thumb0048.jpg,1280,720,pedestrian_crossing,315,66,340,95
FILE190726-162012F.MP4.thumb0061.jpg,1920,1080,warning,1243,574,1320,645
FILE190726-162012F.MP4.thumb0061.jpg,1920,1080,priority_road,181,490,233,552
FILE190726-161611F.MP4.thumb0056.jpg,1920,1080,no_overtaking,1125,654,1155,682
FILE190726-161611F.MP4.thumb0056.jpg,1920,1080,speed_limit_60,1124,679,1156,713
FILE190726-161611F.MP4.thumb0056.jpg,1920,1080,road_works,1122,626,1158,656
FILE190712-091618F.shrink.mp4.thumb0006.jpg,1280,720,warning,1062,4,1136,75
FILE190712-091618F.shrink.mp4.thumb0006.jpg,1280,720,speed_limit_40,1067,67,1131,137
FILE190713-091507F.shrink.mp4.thumb0019.jpg,1280,720,no_overtaking,1068,10,1130,90
FILE190726-171931F.MP4.thumb0050.jpg,1920,1080,no_parking,960,589,999,626
FILE190726-161511F.MP4.thumb0001.jpg,1920,1080,speed_limit_60,975,691,995,714
FILE190726-161511F.MP4.thumb0001.jpg,1920,1080,speed_limit_60,621,656,644,678
FILE190726-161511F.MP4.thumb0001.jpg,1920,1080,no_overtaking,625,636,646,656
FILE190726-161511F.MP4.thumb0001.jpg,1920,1080,no_overtaking,973,666,998,689
FILE190726-161511F.MP4.thumb0001.jpg,1920,1080,road_works,623,614,647,638
FILE190726-161511F.MP4.thumb0001.jpg,1920,1080,road_works,973,647,999,670
FILE190712-091618F.shrink.mp4.thumb0046.jpg,1280,720,no_parking,842,17,897,68
FILE190712-091618F.shrink.mp4.thumb0046.jpg,1280,720,no_entry,173,98,189,122
FILE190713-091307F.shrink.mp4.thumb0015.jpg,1280,720,speed_limit_60,735,8,778,45
FILE190713-091307F.shrink.mp4.thumb0015.jpg,1280,720,no_overtaking,735,44,777,87
FILE190726-170026F.MP4.thumb0009.jpg,1920,1080,pedestrian_crossing,1308,485,1384,554
FILE190726-170026F.MP4.thumb0009.jpg,1920,1080,no_parking,1243,578,1276,610
FILE190726-172432F.MP4.thumb0033.jpg,1920,1080,priority_road,1022,615,1048,647
FILE190726-161511F.MP4.thumb0033.jpg,1920,1080,speed_limit_40,1088,596,1143,647
FILE190726-161511F.MP4.thumb0033.jpg,1920,1080,speed_limit_40,258,532,304,585
FILE190713-091006F.shrink.mp4.thumb0025.jpg,1280,720,speed_limit_60,880,7,937,63
FILE190713-091006F.shrink.mp4.thumb0025.jpg,1280,720,speed_limit_60,245,9,295,60
FILE190726-165825F.MP4.thumb0003.jpg,1920,1080,warning,1696,427,1754,502
FILE190726-173334F.MP4.thumb0041.jpg,1920,1080,warning,1463,327,1585,452
FILE190726-173334F.MP4.thumb0041.jpg,1920,1080,warning,1446,213,1568,331
FILE190726-173334F.MP4.thumb0041.jpg,1920,1080,no_entry,387,581,422,616
FILE190726-173334F.MP4.thumb0041.jpg,1920,1080,speed_limit_60,966,601,995,628
FILE190726-161611F.MP4.thumb0057.jpg,1920,1080,road_works,1346,551,1409,613
FILE190726-161611F.MP4.thumb0057.jpg,1920,1080,no_overtaking,1351,610,1406,665
FILE190726-161611F.MP4.thumb0057.jpg,1920,1080,speed_limit_60,1350,668,1411,724
FILE190726-172733F.MP4.thumb0035.jpg,1920,1080,warning,1447,355,1587,485
FILE190726-170326F.MP4.thumb0051.jpg,1920,1080,warning,1260,561,1305,606
FILE190726-155022F.MP4.thumb0041.jpg,1920,1080,no_parking,1287,603,1374,686
FILE190726-155022F.MP4.thumb0041.jpg,1920,1080,warning,1294,514,1371,590
FILE190726-154520F.MP4.thumb0045.jpg,1920,1080,priority_road,1520,275,1606,389
FILE190726-154520F.MP4.thumb0045.jpg,1920,1080,no_overtaking,1533,507,1615,614
FILE190726-154520F.MP4.thumb0045.jpg,1920,1080,warning,1163,557,1216,603
FILE190726-162951F.MP4.thumb0003.jpg,1920,1080,speed_limit_70,652,620,677,644
FILE190726-162951F.MP4.thumb0003.jpg,1920,1080,speed_limit_70,996,638,1019,662
FILE190726-173635F.MP4.thumb0052.jpg,1920,1080,pedestrian_crossing,1014,588,1058,631
FILE190726-171028F.MP4.thumb0016.jpg,1920,1080,priority_road,1,459,95,567
FILE190726-155122F.MP4.thumb0016.jpg,1920,1080,warning,1102,600,1151,651
FILE190726-155122F.MP4.thumb0016.jpg,1920,1080,warning,426,567,465,613
FILE190726-162313F.MP4.thumb0051.jpg,1920,1080,priority_road,1035,610,1071,639
FILE190726-161511F.MP4.thumb0002.jpg,1920,1080,road_works,1061,592,1115,644
FILE190726-161511F.MP4.thumb0002.jpg,1920,1080,road_works,373,537,416,581
FILE190726-161511F.MP4.thumb0002.jpg,1920,1080,no_overtaking,1064,636,1118,688
FILE190726-161511F.MP4.thumb0002.jpg,1920,1080,no_overtaking,371,576,416,617
FILE190726-161511F.MP4.thumb0002.jpg,1920,1080,speed_limit_60,370,617,409,662
FILE190726-161511F.MP4.thumb0002.jpg,1920,1080,speed_limit_60,1064,689,1119,740
FILE190902-160945F.MP4.thumb0023.jpg,1920,1080,speed_limit_70,1758,350,1836,436
FILE190902-160945F.MP4.thumb0023.jpg,1920,1080,no_parking,1767,433,1851,533
FILE190726-162413F.MP4.thumb0029.jpg,1920,1080,no_overtaking,123,512,180,578
FILE190726-162413F.MP4.thumb0029.jpg,1920,1080,no_overtaking,1305,523,1380,605
FILE190726-154520F.MP4.thumb0044.jpg,1920,1080,warning,1000,624,1029,650
FILE190726-154520F.MP4.thumb0044.jpg,1920,1080,priority_road,1089,543,1133,589
FILE190726-154520F.MP4.thumb0044.jpg,1920,1080,no_overtaking,1083,631,1122,672
FILE190713-120132F.shrink.mp4.thumb0005.jpg,1280,720,warning,790,46,822,72
FILE190726-155523F.MP4.thumb0007.jpg,1920,1080,warning,1226,590,1277,643
FILE190726-170928F.MP4.thumb0009.jpg,1920,1080,priority_road,997,593,1049,638
FILE190726-170226F.MP4.thumb0030.jpg,1920,1080,priority_road,1056,560,1102,602
FILE190713-094119F.shrink.mp4.thumb0012.jpg,1280,720,priority_road,935,38,976,83
FILE190713-094119F.shrink.mp4.thumb0012.jpg,1280,720,no_overtaking,933,79,971,123
FILE190713-094119F.shrink.mp4.thumb0012.jpg,1280,720,no_overtaking,155,60,187,97
FILE190726-171931F.MP4.thumb0037.jpg,1920,1080,no_parking,1020,567,1071,617
FILE190713-100305F.shrink.mp4.thumb0033.jpg,1280,720,no_parking,908,1,962,51
FILE190726-164519F.MP4.thumb0019.jpg,1920,1080,pedestrian_crossing,1107,544,1145,582
FILE190902-111424F.MP4.thumb0013.jpg,1920,1080,no_overtaking,951,647,1008,705
FILE190902-111424F.MP4.thumb0013.jpg,1920,1080,no_overtaking,1803,624,1854,675
FILE190726-165925F.MP4.thumb0007.jpg,1920,1080,priority_road,1125,592,1158,624
FILE190726-154821F.MP4.thumb0015.jpg,1920,1080,priority_road,1084,595,1129,639
FILE190712-091517F.shrink.mp4.thumb0037.jpg,1280,720,speed_limit_40,688,15,723,50
FILE190726-161811F.MP4.thumb0011.jpg,1920,1080,speed_limit_60,1789,243,1896,426
FILE190726-161811F.MP4.thumb0011.jpg,1920,1080,no_overtaking,1823,410,1920,606
FILE190726-161811F.MP4.thumb0011.jpg,1920,1080,priority_road,1047,596,1091,641
FILE190726-173435F.MP4.thumb0043.jpg,1920,1080,pedestrian_crossing,1692,114,1894,331
FILE190726-173435F.MP4.thumb0043.jpg,1920,1080,road_works,1212,630,1296,707
FILE190726-170226F.MP4.thumb0060.jpg,1920,1080,pedestrian_crossing,1016,549,1069,599
FILE190726-165825F.MP4.thumb0029.jpg,1920,1080,pedestrian_crossing,1133,531,1182,581
FILE190726-162951F.MP4.thumb0054.jpg,1920,1080,warning,1191,517,1261,582
FILE190726-162951F.MP4.thumb0054.jpg,1920,1080,warning,1180,576,1271,648
FILE190726-162951F.MP4.thumb0054.jpg,1920,1080,speed_limit_60,1178,650,1263,721
FILE190726-173936F.MP4.thumb0038.jpg,1920,1080,pedestrian_crossing,1233,475,1308,547
FILE190726-174036F.MP4.thumb0025.jpg,1920,1080,warning,982,521,1018,551
FILE190726-174036F.MP4.thumb0025.jpg,1920,1080,pedestrian_crossing,980,559,1020,590
FILE190726-174036F.MP4.thumb0018.jpg,1920,1080,warning,1146,448,1227,524
FILE190726-161310F.MP4.thumb0003.jpg,1920,1080,warning,1026,614,1074,657
FILE190726-152336F.MP4.thumb0026.jpg,1920,1080,speed_limit_70,56,388,116,465
FILE190726-174036F.MP4.thumb0015.jpg,1920,1080,pedestrian_crossing,969,575,1005,610
FILE190726-161611F.MP4.thumb0038.jpg,1920,1080,no_overtaking,1010,663,1045,697
FILE190726-161611F.MP4.thumb0038.jpg,1920,1080,speed_limit_60,1008,632,1042,662
FILE190726-161611F.MP4.thumb0038.jpg,1920,1080,road_works,1007,601,1044,632
EMER190726-161252F.MP4.thumb0006.jpg,1920,1080,speed_limit_40,1050,655,1078,682
EMER190726-161252F.MP4.thumb0006.jpg,1920,1080,speed_limit_40,611,620,638,646
FILE190726-173435F.MP4.thumb0056.jpg,1920,1080,warning,1038,545,1093,589
FILE190726-173435F.MP4.thumb0056.jpg,1920,1080,warning,1044,616,1095,657
FILE190726-173435F.MP4.thumb0056.jpg,1920,1080,road_works,1037,492,1086,542
FILE190726-164920F.MP4.thumb0010.jpg,1920,1080,no_overtaking,1246,564,1299,606
FILE190726-164920F.MP4.thumb0010.jpg,1920,1080,warning,1242,500,1299,548
FILE190726-164920F.MP4.thumb0010.jpg,1920,1080,pedestrian_crossing,1239,448,1291,502
FILE190726-155222F.MP4.thumb0030.jpg,1920,1080,no_overtaking,1088,648,1132,693
FILE190726-155222F.MP4.thumb0030.jpg,1920,1080,no_overtaking,491,624,525,664
FILE190713-094901F.shrink.mp4.thumb0012.jpg,1280,720,no_parking,811,11,862,61
FILE190713-114837F.shrink.mp4.thumb0042.jpg,1280,720,pedestrian_crossing,892,32,925,63
FILE190713-114837F.shrink.mp4.thumb0042.jpg,1280,720,pedestrian_crossing,268,40,295,71
FILE190713-091407F.shrink.mp4.thumb0026.jpg,1280,720,no_overtaking,849,38,921,102
FILE190713-091407F.shrink.mp4.thumb0026.jpg,1280,720,speed_limit_60,852,1,922,40
FILE190726-170828F.MP4.thumb0017.jpg,1920,1080,priority_road,1010,585,1057,629
FILE190726-170427F.MP4.thumb0027.jpg,1920,1080,speed_limit_70,1011,585,1044,614
FILE190726-172432F.MP4.thumb0034.jpg,1920,1080,priority_road,1240,544,1311,612
FILE190726-155122F.MP4.thumb0013.jpg,1920,1080,priority_road,1598,437,1699,558
FILE190726-161310F.MP4.thumb0004.jpg,1920,1080,warning,1601,368,1722,499
FILE190726-161310F.MP4.thumb0004.jpg,1920,1080,speed_limit_60,1056,590,1111,640
FILE190726-161310F.MP4.thumb0004.jpg,1920,1080,speed_limit_60,296,555,346,603
FILE190726-161310F.MP4.thumb0004.jpg,1920,1080,no_overtaking,296,598,333,645
FILE190726-161310F.MP4.thumb0004.jpg,1920,1080,no_overtaking,1058,641,1112,692
FILE190713-094420F.shrink.mp4.thumb0038.jpg,1280,720,pedestrian_crossing,763,14,816,66
FILE190726-155623F.MP4.thumb0008.jpg,1920,1080,priority_road,1108,594,1151,627
FILE190726-155623F.MP4.thumb0008.jpg,1920,1080,no_overtaking,1107,674,1147,713
FILE190726-161711F.MP4.thumb0035.jpg,1920,1080,speed_limit_60,1039,626,1080,669
FILE190726-161711F.MP4.thumb0035.jpg,1920,1080,speed_limit_60,427,607,461,643
FILE190726-161711F.MP4.thumb0035.jpg,1920,1080,no_overtaking,428,643,461,676
FILE190726-161711F.MP4.thumb0035.jpg,1920,1080,no_overtaking,1029,664,1081,709
FILE190726-161711F.MP4.thumb0035.jpg,1920,1080,road_works,1044,588,1092,637
FILE190726-161711F.MP4.thumb0035.jpg,1920,1080,road_works,427,572,462,607
FILE190726-170026F.MP4.thumb0045.jpg,1920,1080,keep_right,554,671,601,726
FILE190726-170026F.MP4.thumb0045.jpg,1920,1080,pedestrian_crossing,989,543,1043,597
FILE190726-170026F.MP4.thumb0045.jpg,1920,1080,pedestrian_crossing,1198,543,1234,578
FILE190726-161310F.MP4.thumb0060.jpg,1920,1080,speed_limit_60,1342,467,1450,589
FILE190713-110500F.shrink.mp4.thumb0022.jpg,1280,720,no_parking,871,9,922,59
FILE190726-172031F.MP4.thumb0023.jpg,1920,1080,yield,1142,398,1258,492
FILE190726-172031F.MP4.thumb0023.jpg,1920,1080,no_overtaking,1140,316,1242,398
FILE190712-091718F.shrink.mp4.thumb0016.jpg,1280,720,speed_limit_40,754,26,797,69
FILE190712-091718F.shrink.mp4.thumb0016.jpg,1280,720,pedestrian_crossing,717,37,752,72
FILE190726-170326F.MP4.thumb0003.jpg,1920,1080,priority_road,1306,405,1385,489
FILE190726-163453F.MP4.thumb0025.jpg,1920,1080,pedestrian_crossing,473,549,514,592
FILE190726-163453F.MP4.thumb0025.jpg,1920,1080,pedestrian_crossing,1043,581,1086,625
FILE190726-163453F.MP4.thumb0025.jpg,1920,1080,warning,1043,549,1088,585
FILE190726-163453F.MP4.thumb0025.jpg,1920,1080,keep_right,469,655,509,692
FILE190713-105959F.shrink.mp4.thumb0003.jpg,1280,720,speed_limit_70,879,39,908,67
FILE190726-162413F.MP4.thumb0049.jpg,1920,1080,speed_limit_40,1791,557,1842,614
FILE190726-162413F.MP4.thumb0049.jpg,1920,1080,priority_road,1161,450,1236,524
FILE190726-173936F.MP4.thumb0007.jpg,1920,1080,no_parking,960,623,996,659
FILE190726-174036F.MP4.thumb0016.jpg,1920,1080,pedestrian_crossing,1118,455,1202,528
FILE190713-114636F.shrink.mp4.thumb0024.jpg,1280,720,priority_road,837,6,874,49
FILE190713-114636F.shrink.mp4.thumb0024.jpg,1280,720,speed_limit_70,838,46,879,85
FILE190712-091517F.shrink.mp4.thumb0056.jpg,1280,720,speed_limit_40,671,76,709,112
FILE190712-091517F.shrink.mp4.thumb0056.jpg,1280,720,pedestrian_crossing,675,51,707,79
FILE190712-091517F.shrink.mp4.thumb0049.jpg,1280,720,speed_limit_40,865,34,904,74
FILE190712-091517F.shrink.mp4.thumb0049.jpg,1280,720,no_parking,860,71,903,114
FILE190726-172031F.MP4.thumb0007.jpg,1920,1080,warning,1726,471,1771,528
FILE190726-172031F.MP4.thumb0007.jpg,1920,1080,pedestrian_crossing,1722,519,1775,593
FILE190726-172031F.MP4.thumb0007.jpg,1920,1080,pedestrian_crossing,1020,588,1061,628
FILE190726-171931F.MP4.thumb0051.jpg,1920,1080,no_parking,1161,452,1249,536
FILE190726-155222F.MP4.thumb0036.jpg,1920,1080,speed_limit_70,1143,623,1189,672
FILE190726-155222F.MP4.thumb0036.jpg,1920,1080,speed_limit_70,319,582,360,621
FILE190726-170126F.MP4.thumb0046.jpg,1920,1080,warning,1364,252,1505,395
FILE190726-170126F.MP4.thumb0046.jpg,1920,1080,warning,1013,569,1071,612
FILE190726-170126F.MP4.thumb0046.jpg,1920,1080,pedestrian_crossing,1018,524,1065,574
FILE190726-165121F.MP4.thumb0032.jpg,1920,1080,priority_road,1565,481,1632,557
FILE190726-171630F.MP4.thumb0019.jpg,1920,1080,priority_road,1246,462,1337,554
FILE190726-154520F.MP4.thumb0017.jpg,1920,1080,priority_road,1726,428,1802,516
FILE190726-154520F.MP4.thumb0017.jpg,1920,1080,speed_limit_60,1661,627,1699,668
FILE190726-154520F.MP4.thumb0017.jpg,1920,1080,warning,1663,575,1706,623
FILE190726-154520F.MP4.thumb0017.jpg,1920,1080,no_overtaking,1736,617,1809,699
FILE190713-090104F.shrink.mp4.thumb0002.jpg,1280,720,no_overtaking,716,2,754,31
FILE190713-090104F.shrink.mp4.thumb0002.jpg,1280,720,warning,652,14,678,37
FILE190726-152034F.MP4.thumb0020.jpg,1920,1080,speed_limit_70,1017,559,1053,589
FILE190726-152034F.MP4.thumb0020.jpg,1920,1080,speed_limit_70,591,554,617,582
FILE190726-152034F.MP4.thumb0020.jpg,1920,1080,one_way,1645,532,1688,579
FILE190726-152034F.MP4.thumb0020.jpg,1920,1080,pedestrian_crossing,1016,588,1050,615
FILE190726-152034F.MP4.thumb0020.jpg,1920,1080,pedestrian_crossing,591,579,619,602
FILE190726-154721F.MP4.thumb0051.jpg,1920,1080,no_overtaking,1036,655,1068,688
FILE190726-154721F.MP4.thumb0051.jpg,1920,1080,no_overtaking,558,632,590,662
FILE190726-162012F.MP4.thumb0036.jpg,1920,1080,road_works,1087,531,1150,596
FILE190726-162012F.MP4.thumb0036.jpg,1920,1080,road_works,287,500,327,552
FILE190726-162012F.MP4.thumb0036.jpg,1920,1080,no_overtaking,277,547,322,599
FILE190726-162012F.MP4.thumb0036.jpg,1920,1080,no_overtaking,1087,592,1142,647
FILE190726-162012F.MP4.thumb0036.jpg,1920,1080,speed_limit_60,1078,640,1142,699
FILE190726-162012F.MP4.thumb0036.jpg,1920,1080,speed_limit_60,278,598,313,647
FILE190726-155022F.MP4.thumb0023.jpg,1920,1080,no_overtaking,1060,639,1098,677
FILE190713-091006F.shrink.mp4.thumb0059.jpg,1280,720,speed_limit_40,109,18,156,78
FILE190726-173334F.MP4.thumb0056.jpg,1920,1080,warning,935,612,964,638
FILE190726-173334F.MP4.thumb0056.jpg,1920,1080,warning,936,636,963,659
FILE190726-155122F.MP4.thumb0012.jpg,1920,1080,priority_road,1030,628,1064,661
FILE190726-161611F.MP4.thumb0024.jpg,1920,1080,speed_limit_60,1005,644,1036,670
FILE190726-161611F.MP4.thumb0024.jpg,1920,1080,speed_limit_60,598,632,623,660
FILE190726-161611F.MP4.thumb0024.jpg,1920,1080,no_overtaking,595,655,622,680
FILE190726-161611F.MP4.thumb0024.jpg,1920,1080,no_overtaking,1006,667,1033,693
FILE190726-161611F.MP4.thumb0024.jpg,1920,1080,road_works,1006,624,1036,647
FILE190726-161611F.MP4.thumb0024.jpg,1920,1080,road_works,596,610,621,634
FILE190713-105858F.shrink.mp4.thumb0049.jpg,1280,720,pedestrian_crossing,837,5,874,42
FILE190726-174036F.MP4.thumb0026.jpg,1920,1080,warning,1046,405,1101,454
FILE190726-174036F.MP4.thumb0026.jpg,1920,1080,pedestrian_crossing,1049,468,1105,520
EMER190726-161252F.MP4.thumb0007.jpg,1920,1080,speed_limit_40,1269,611,1318,664
EMER190726-161252F.MP4.thumb0007.jpg,1920,1080,speed_limit_40,329,533,364,583
FILE190726-155422F.MP4.thumb0057.jpg,1920,1080,no_overtaking,1187,609,1244,669
FILE190726-155422F.MP4.thumb0057.jpg,1920,1080,no_overtaking,319,576,370,630
FILE190713-095904F.shrink.mp4.thumb0002.jpg,1280,720,warning,854,14,889,46
FILE190713-095904F.shrink.mp4.thumb0002.jpg,1280,720,pedestrian_crossing,848,47,888,83
FILE190726-165925F.MP4.thumb0048.jpg,1920,1080,pedestrian_crossing,1468,413,1557,520
FILE190726-165925F.MP4.thumb0048.jpg,1920,1080,no_parking,1145,618,1183,655
FILE190726-165925F.MP4.thumb0048.jpg,1920,1080,priority_road,1140,546,1181,583
FILE190713-091106F.shrink.mp4.thumb0009.jpg,1280,720,speed_limit_60,641,41,670,67
FILE190713-091106F.shrink.mp4.thumb0009.jpg,1280,720,no_overtaking,642,65,670,91
FILE190726-165020F.MP4.thumb0010.jpg,1920,1080,no_overtaking,1392,540,1482,636
FILE190726-165020F.MP4.thumb0010.jpg,1920,1080,warning,1382,444,1475,545
FILE190713-094220F.shrink.mp4.thumb0016.jpg,1280,720,warning,902,7,959,56
FILE190713-094220F.shrink.mp4.thumb0016.jpg,1280,720,priority_road,1043,1,1101,64
FILE190713-115931F.shrink.mp4.thumb0022.jpg,1280,720,speed_limit_60,888,46,931,91
FILE190726-170026F.MP4.thumb0021.jpg,1920,1080,pedestrian_crossing,1039,591,1075,628
FILE190902-160243F.MP4.thumb0007.jpg,1920,1080,speed_limit_70,913,641,953,679
FILE190726-164719F.MP4.thumb0057.jpg,1920,1080,pedestrian_crossing,1496,171,1653,340
FILE190713-105959F.shrink.mp4.thumb0002.jpg,1280,720,no_parking,881,35,916,69
FILE190726-170026F.MP4.thumb0032.jpg,1920,1080,pedestrian_crossing,1741,419,1806,507
FILE190726-170026F.MP4.thumb0032.jpg,1920,1080,priority_road,1322,447,1374,499
FILE190726-170026F.MP4.thumb0032.jpg,1920,1080,no_parking,1327,552,1381,610
FILE190726-165825F.MP4.thumb0033.jpg,1920,1080,pedestrian_crossing,1116,579,1175,631
FILE190726-165825F.MP4.thumb0033.jpg,1920,1080,priority_road,1192,550,1236,591
FILE190726-165825F.MP4.thumb0033.jpg,1920,1080,yield,1531,549,1577,597
FILE190726-173635F.MP4.thumb0019.jpg,1920,1080,pedestrian_crossing,1336,419,1450,540
FILE190726-173635F.MP4.thumb0019.jpg,1920,1080,priority_road,955,622,984,652
FILE190726-162951F.MP4.thumb0053.jpg,1920,1080,speed_limit_60,998,675,1031,708
FILE190726-162951F.MP4.thumb0053.jpg,1920,1080,speed_limit_60,564,639,596,671
FILE190726-162951F.MP4.thumb0053.jpg,1920,1080,warning,564,612,598,644
FILE190726-162951F.MP4.thumb0053.jpg,1920,1080,warning,566,587,600,616
FILE190726-162951F.MP4.thumb0053.jpg,1920,1080,warning,998,647,1035,678
FILE190726-162951F.MP4.thumb0053.jpg,1920,1080,warning,1003,621,1035,649
FILE190902-104316F.MP4.thumb0023.jpg,1920,1080,pedestrian_crossing,623,557,692,641
FILE190726-162951F.MP4.thumb0004.jpg,1920,1080,speed_limit_70,465,561,508,605
FILE190726-162951F.MP4.thumb0004.jpg,1920,1080,speed_limit_70,1091,596,1142,636
FILE190726-155924F.MP4.thumb0025.jpg,1920,1080,speed_limit_40,1014,641,1042,666
FILE190726-152034F.MP4.thumb0027.jpg,1920,1080,pedestrian_crossing,1449,254,1560,354
FILE190726-155222F.MP4.thumb0046.jpg,1920,1080,priority_road,1181,551,1234,602
FILE190713-092310F.shrink.mp4.thumb0051.jpg,1280,720,no_overtaking,747,11,811,73
FILE190713-093513F.shrink.mp4.thumb0056.jpg,1280,720,priority_road,815,37,851,73
FILE190726-155723F.MP4.thumb0032.jpg,1920,1080,warning,1222,509,1288,572
FILE190726-155122F.MP4.thumb0008.jpg,1920,1080,no_overtaking,1007,661,1038,693
FILE190726-155122F.MP4.thumb0008.jpg,1920,1080,no_overtaking,545,626,570,654
FILE190712-091618F.shrink.mp4.thumb0045.jpg,1280,720,no_parking,764,25,809,66
FILE190712-091618F.shrink.mp4.thumb0045.jpg,1280,720,speed_limit_40,762,1,807,22
FILE190726-170126F.MP4.thumb0050.jpg,1920,1080,pedestrian_crossing,984,590,1034,641
FILE190713-091207F.shrink.mp4.thumb0013.jpg,1280,720,no_overtaking,696,51,736,89
FILE190713-091207F.shrink.mp4.thumb0013.jpg,1280,720,speed_limit_60,694,15,736,53
FILE190726-174036F.MP4.thumb0020.jpg,1920,1080,no_parking,1080,612,1115,647
FILE190726-174036F.MP4.thumb0020.jpg,1920,1080,pedestrian_crossing,1447,537,1498,592
FILE190726-174036F.MP4.thumb0020.jpg,1920,1080,warning,1077,583,1112,614
FILE190726-160024F.MP4.thumb0023.jpg,1920,1080,warning,1612,61,1778,227
FILE190726-174036F.MP4.thumb0027.jpg,1920,1080,pedestrian_crossing,1501,78,1626,207
FILE190726-170527F.MP4.thumb0002.jpg,1920,1080,priority_road,925,640,948,661
EMER190726-161252F.MP4.thumb0016.jpg,1920,1080,speed_limit_40,239,485,302,554
FILE190713-100605F.shrink.mp4.thumb0019.jpg,1280,720,speed_limit_40,843,53,892,99
FILE190713-100605F.shrink.mp4.thumb0019.jpg,1280,720,no_overtaking,846,9,896,55
FILE190726-173836F.MP4.thumb0059.jpg,1920,1080,priority_road,1108,489,1170,554
FILE190726-173836F.MP4.thumb0059.jpg,1920,1080,no_parking,1113,557,1178,620
FILE190713-091608F.shrink.mp4.thumb0019.jpg,1280,720,no_overtaking,802,27,888,110
FILE190726-161410F.MP4.thumb0055.jpg,1920,1080,no_overtaking,1092,635,1142,673
FILE190726-161410F.MP4.thumb0055.jpg,1920,1080,no_overtaking,521,639,551,670
FILE190726-161410F.MP4.thumb0055.jpg,1920,1080,speed_limit_60,523,611,549,639
FILE190726-161410F.MP4.thumb0055.jpg,1920,1080,speed_limit_60,1098,591,1143,639
FILE190712-091718F.shrink.mp4.thumb0042.jpg,1280,720,no_parking,1123,26,1179,118
FILE190726-161611F.MP4.thumb0005.jpg,1920,1080,no_overtaking,1026,685,1063,716
FILE190726-161611F.MP4.thumb0005.jpg,1920,1080,no_overtaking,501,654,526,681
FILE190726-161611F.MP4.thumb0005.jpg,1920,1080,speed_limit_60,503,625,526,651
FILE190726-161611F.MP4.thumb0005.jpg,1920,1080,speed_limit_60,1026,654,1063,686
FILE190726-161611F.MP4.thumb0005.jpg,1920,1080,warning,1025,621,1066,655
FILE190726-161611F.MP4.thumb0005.jpg,1920,1080,warning,499,596,531,626
FILE190726-155122F.MP4.thumb0017.jpg,1920,1080,warning,969,664,993,688
FILE190726-154520F.MP4.thumb0059.jpg,1920,1080,no_overtaking,1796,276,1920,460
FILE190726-170226F.MP4.thumb0022.jpg,1920,1080,priority_road,1149,440,1227,513
FILE190726-165925F.MP4.thumb0023.jpg,1920,1080,pedestrian_crossing,1044,616,1076,646
FILE190726-171931F.MP4.thumb0042.jpg,1920,1080,no_parking,1020,538,1082,595
FILE190713-100605F.shrink.mp4.thumb0013.jpg,1280,720,warning,884,21,922,55
FILE190713-100605F.shrink.mp4.thumb0013.jpg,1280,720,speed_limit_40,880,48,924,85
FILE190726-161127F.MP4.thumb0056.jpg,1920,1080,speed_limit_60,1092,612,1142,662
FILE190726-161127F.MP4.thumb0056.jpg,1920,1080,speed_limit_60,576,631,605,660
FILE190726-161127F.MP4.thumb0056.jpg,1920,1080,road_works,575,605,605,634
FILE190726-161127F.MP4.thumb0056.jpg,1920,1080,road_works,1091,558,1147,612
FILE190726-161127F.MP4.thumb0056.jpg,1920,1080,no_overtaking,1088,659,1141,710
FILE190726-161127F.MP4.thumb0056.jpg,1920,1080,no_overtaking,574,656,604,684
FILE190713-090305F.shrink.mp4.thumb0041.jpg,1280,720,no_overtaking,833,7,888,56
FILE190726-170026F.MP4.thumb0008.jpg,1920,1080,pedestrian_crossing,1150,569,1190,610
FILE190726-161811F.MP4.thumb0040.jpg,1920,1080,no_overtaking,1020,668,1058,703
FILE190726-161811F.MP4.thumb0040.jpg,1920,1080,no_overtaking,498,617,528,646
FILE190726-161811F.MP4.thumb0040.jpg,1920,1080,speed_limit_60,496,646,530,675
FILE190726-161811F.MP4.thumb0040.jpg,1920,1080,speed_limit_60,1019,635,1057,669
FILE190726-161811F.MP4.thumb0040.jpg,1920,1080,warning,1021,601,1061,636
FILE190726-161811F.MP4.thumb0040.jpg,1920,1080,warning,496,588,527,619
FILE190726-161811F.MP4.thumb0041.jpg,1920,1080,warning,1213,469,1305,552
FILE190726-161811F.MP4.thumb0041.jpg,1920,1080,warning,151,489,196,537
FILE190726-161811F.MP4.thumb0041.jpg,1920,1080,speed_limit_60,154,592,192,651
FILE190726-161811F.MP4.thumb0041.jpg,1920,1080,speed_limit_60,1216,551,1305,630
FILE190726-161811F.MP4.thumb0041.jpg,1920,1080,no_overtaking,1219,634,1308,717
FILE190726-161811F.MP4.thumb0041.jpg,1920,1080,no_overtaking,156,541,189,592
FILE190726-152034F.MP4.thumb0045.jpg,1920,1080,speed_limit_70,1809,376,1878,468
FILE190726-173936F.MP4.thumb0048.jpg,1920,1080,warning,1060,552,1111,597
FILE190726-173936F.MP4.thumb0048.jpg,1920,1080,pedestrian_crossing,1062,595,1111,639
FILE190726-160826F.MP4.thumb0012.jpg,1920,1080,no_overtaking,1494,637,1536,686
FILE190726-160826F.MP4.thumb0012.jpg,1920,1080,speed_limit_60,1495,592,1543,644
FILE190726-165020F.MP4.thumb0001.jpg,1920,1080,no_overtaking,1357,474,1443,545
FILE190726-165020F.MP4.thumb0001.jpg,1920,1080,warning,1351,381,1430,455
FILE190726-160024F.MP4.thumb0027.jpg,1920,1080,speed_limit_40,1301,400,1391,486
FILE190902-160945F.MP4.thumb0022.jpg,1920,1080,speed_limit_70,1574,548,1615,590
FILE190902-160945F.MP4.thumb0022.jpg,1920,1080,no_parking,1573,589,1622,634
FILE190726-161511F.MP4.thumb0032.jpg,1920,1080,speed_limit_40,970,649,993,672
FILE190713-110400F.shrink.mp4.thumb0048.jpg,1280,720,pedestrian_crossing,384,60,423,99
FILE190713-110400F.shrink.mp4.thumb0048.jpg,1280,720,pedestrian_crossing,745,74,783,113
FILE190713-100305F.shrink.mp4.thumb0040.jpg,1280,720,no_parking,957,4,1009,61
FILE190713-100305F.shrink.mp4.thumb0040.jpg,1280,720,no_overtaking,949,68,1015,144
FILE190726-152235F.MP4.thumb0030.jpg,1920,1080,speed_limit_70,1270,554,1313,600
FILE190726-161811F.MP4.thumb0054.jpg,1920,1080,no_overtaking,1017,607,1055,646
FILE190726-161811F.MP4.thumb0054.jpg,1920,1080,no_overtaking,403,601,437,637
FILE190726-152034F.MP4.thumb0026.jpg,1920,1080,no_parking,1382,577,1410,609
FILE190726-152034F.MP4.thumb0026.jpg,1920,1080,pedestrian_crossing,1052,556,1084,588
FILE190726-152034F.MP4.thumb0026.jpg,1920,1080,pedestrian_crossing,525,551,558,588
FILE190726-172332F.MP4.thumb0060.jpg,1920,1080,warning,1163,589,1232,650
FILE190726-172332F.MP4.thumb0060.jpg,1920,1080,priority_road,1160,521,1233,591
FILE190726-162413F.MP4.thumb0028.jpg,1920,1080,no_overtaking,1037,636,1066,665
FILE190726-162413F.MP4.thumb0028.jpg,1920,1080,no_overtaking,585,632,613,659
FILE190726-170326F.MP4.thumb0050.jpg,1920,1080,warning,1660,421,1722,498
FILE190726-170326F.MP4.thumb0050.jpg,1920,1080,warning,1266,549,1308,585
FILE190726-170326F.MP4.thumb0050.jpg,1920,1080,warning,1089,605,1117,630
FILE190726-170326F.MP4.thumb0050.jpg,1920,1080,pedestrian_crossing,1265,510,1308,551
FILE190713-115931F.shrink.mp4.thumb0005.jpg,1280,720,no_overtaking,792,93,818,118
FILE190726-154520F.MP4.thumb0058.jpg,1920,1080,no_overtaking,1143,588,1202,647
FILE190726-154520F.MP4.thumb0058.jpg,1920,1080,no_overtaking,430,578,475,630
FILE190726-161511F.MP4.thumb0046.jpg,1920,1080,speed_limit_60,1085,610,1127,656
FILE190726-161511F.MP4.thumb0046.jpg,1920,1080,speed_limit_60,415,581,449,620
FILE190726-161511F.MP4.thumb0046.jpg,1920,1080,warning,416,544,449,586
FILE190726-161511F.MP4.thumb0046.jpg,1920,1080,warning,1085,572,1130,616
FILE190726-161511F.MP4.thumb0046.jpg,1920,1080,no_overtaking,1082,651,1122,692
FILE190726-161511F.MP4.thumb0046.jpg,1920,1080,no_overtaking,412,623,447,661
FILE190726-173435F.MP4.thumb0041.jpg,1920,1080,pedestrian_crossing,883,582,924,624
FILE190726-173435F.MP4.thumb0041.jpg,1920,1080,pedestrian_crossing,372,601,410,639
FILE190726-173435F.MP4.thumb0041.jpg,1920,1080,road_works,843,661,867,691
FILE190726-170828F.MP4.thumb0039.jpg,1920,1080,priority_road,585,630,615,658
FILE190726-161611F.MP4.thumb0013.jpg,1920,1080,no_overtaking,1720,392,1861,605
FILE190726-161611F.MP4.thumb0013.jpg,1920,1080,speed_limit_60,1656,199,1816,390
FILE190726-160024F.MP4.thumb0005.jpg,1920,1080,speed_limit_40,1061,607,1110,656
FILE190726-160024F.MP4.thumb0005.jpg,1920,1080,no_overtaking,1059,562,1109,609
FILE190713-120332F.shrink.mp4.thumb0001.jpg,1280,720,no_overtaking,1188,11,1225,62
FILE190713-120332F.shrink.mp4.thumb0001.jpg,1280,720,no_parking,926,55,954,86
FILE190726-155222F.MP4.thumb0045.jpg,1920,1080,priority_road,1018,626,1043,649
FILE190713-115037F.shrink.mp4.thumb0039.jpg,1280,720,no_parking,1093,63,1144,110
FILE190713-115037F.shrink.mp4.thumb0039.jpg,1280,720,priority_road,1100,24,1132,70
FILE190713-095703F.shrink.mp4.thumb0014.jpg,1280,720,no_parking,741,28,774,64
FILE190726-163152F.MP4.thumb0048.jpg,1920,1080,speed_limit_70,1474,379,1577,499
FILE190726-163152F.MP4.thumb0048.jpg,1920,1080,no_overtaking,1481,496,1591,621
FILE190712-091618F.shrink.mp4.thumb0023.jpg,1280,720,speed_limit_40,997,11,1059,75
FILE190726-171830F.MP4.thumb0033.jpg,1920,1080,priority_road,1039,540,1092,600
FILE190726-171830F.MP4.thumb0033.jpg,1920,1080,warning,1278,392,1382,482
FILE190726-154721F.MP4.thumb0057.jpg,1920,1080,speed_limit_70,413,583,447,621
FILE190726-154721F.MP4.thumb0057.jpg,1920,1080,speed_limit_70,1087,616,1131,655
FILE190726-154520F.MP4.thumb0056.jpg,1920,1080,no_overtaking,1092,656,1112,677
FILE190726-173535F.MP4.thumb0059.jpg,1920,1080,pedestrian_crossing,1144,471,1249,575
FILE190726-174036F.MP4.thumb0044.jpg,1920,1080,warning,984,592,1013,618
FILE190726-174036F.MP4.thumb0044.jpg,1920,1080,warning,980,617,1014,647
FILE190726-173936F.MP4.thumb0057.jpg,1920,1080,warning,1018,576,1057,616
FILE190713-095001F.shrink.mp4.thumb0053.jpg,1280,720,keep_right,248,103,286,141
FILE190713-095001F.shrink.mp4.thumb0053.jpg,1280,720,pedestrian_crossing,298,42,341,88
FILE190713-095001F.shrink.mp4.thumb0053.jpg,1280,720,pedestrian_crossing,675,11,726,65
FILE190726-152034F.MP4.thumb0004.jpg,1920,1080,pedestrian_crossing,1282,252,1391,354
FILE190726-152034F.MP4.thumb0004.jpg,1920,1080,speed_limit_70,356,593,398,634
FILE190726-152034F.MP4.thumb0004.jpg,1920,1080,speed_limit_70,917,587,946,616
FILE190726-152034F.MP4.thumb0004.jpg,1920,1080,priority_road,917,561,948,592
FILE190726-152034F.MP4.thumb0004.jpg,1920,1080,no_parking,917,613,953,642
FILE190726-161310F.MP4.thumb0051.jpg,1920,1080,speed_limit_40,1063,618,1109,656
FILE190726-161310F.MP4.thumb0051.jpg,1920,1080,no_overtaking,1064,657,1106,700
FILE190726-161310F.MP4.thumb0051.jpg,1920,1080,no_overtaking,435,621,464,657
FILE190726-161310F.MP4.thumb0051.jpg,1920,1080,speed_limit_40,438,585,467,620
FILE190713-114636F.shrink.mp4.thumb0014.jpg,1280,720,speed_limit_70,1116,49,1153,91
FILE190713-114636F.shrink.mp4.thumb0014.jpg,1280,720,priority_road,1116,9,1148,53
FILE190726-161310F.MP4.thumb0011.jpg,1920,1080,no_overtaking,1008,680,1049,712
FILE190726-161310F.MP4.thumb0011.jpg,1920,1080,no_overtaking,572,652,598,679
FILE190726-161310F.MP4.thumb0011.jpg,1920,1080,road_works,1009,619,1045,652
FILE190726-161310F.MP4.thumb0011.jpg,1920,1080,road_works,576,603,603,633
FILE190726-161310F.MP4.thumb0011.jpg,1920,1080,speed_limit_60,575,630,602,652
FILE190726-161310F.MP4.thumb0011.jpg,1920,1080,speed_limit_60,1008,650,1047,683
FILE190726-172532F.MP4.thumb0029.jpg,1920,1080,priority_road,1402,283,1540,426
FILE190726-170126F.MP4.thumb0024.jpg,1920,1080,priority_road,1408,403,1471,472
FILE190726-171931F.MP4.thumb0038.jpg,1920,1080,no_parking,1488,292,1608,424
FILE190726-155523F.MP4.thumb0020.jpg,1920,1080,warning,1077,626,1122,667
FILE190726-155523F.MP4.thumb0020.jpg,1920,1080,restriction_end,1006,654,1042,686
FILE190726-163453F.MP4.thumb0026.jpg,1920,1080,keep_right,216,624,265,682
FILE190726-163453F.MP4.thumb0026.jpg,1920,1080,warning,1161,443,1240,506
FILE190726-163453F.MP4.thumb0026.jpg,1920,1080,pedestrian_crossing,1160,500,1236,571
FILE190726-163453F.MP4.thumb0026.jpg,1920,1080,pedestrian_crossing,218,451,277,519
FILE190726-164820F.MP4.thumb0041.jpg,1920,1080,pedestrian_crossing,1122,436,1189,507
FILE190726-164619F.MP4.thumb0007.jpg,1920,1080,warning,1411,475,1455,518
FILE190726-164619F.MP4.thumb0007.jpg,1920,1080,pedestrian_crossing,1412,516,1460,564
FILE190726-161310F.MP4.thumb0045.jpg,1920,1080,warning,1042,621,1080,652
FILE190712-091618F.shrink.mp4.thumb0053.jpg,1280,720,no_parking,810,53,856,91
FILE190712-091618F.shrink.mp4.thumb0053.jpg,1280,720,speed_limit_40,806,18,851,56
FILE190726-152937F.MP4.thumb0053.jpg,1920,1080,speed_limit_60,1253,647,1281,672
FILE190726-152937F.MP4.thumb0060.jpg,1920,1080,speed_limit_60,1629,558,1668,605
FILE190713-095402F.shrink.mp4.thumb0030.jpg,1280,720,speed_limit_60,1160,1,1226,70
FILE190726-161310F.MP4.thumb0032.jpg,1920,1080,road_works,969,626,1000,650
FILE190726-161310F.MP4.thumb0032.jpg,1920,1080,road_works,597,611,626,635
FILE190726-161310F.MP4.thumb0032.jpg,1920,1080,speed_limit_60,600,634,625,657
FILE190726-161310F.MP4.thumb0032.jpg,1920,1080,speed_limit_60,970,650,997,671
FILE190726-161310F.MP4.thumb0032.jpg,1920,1080,no_overtaking,966,671,993,696
FILE190726-171028F.MP4.thumb0017.jpg,1920,1080,priority_road,1080,555,1154,626
FILE190726-171028F.MP4.thumb0017.jpg,1920,1080,warning,1027,589,1077,631
FILE190726-171129F.MP4.thumb0052.jpg,1920,1080,no_overtaking,1044,589,1106,647
FILE190726-171129F.MP4.thumb0052.jpg,1920,1080,warning,1044,537,1112,593
FILE190726-161611F.MP4.thumb0025.jpg,1920,1080,road_works,1178,521,1250,582
FILE190726-161611F.MP4.thumb0025.jpg,1920,1080,road_works,203,492,250,543
FILE190726-161611F.MP4.thumb0025.jpg,1920,1080,speed_limit_60,205,543,250,598
FILE190726-161611F.MP4.thumb0025.jpg,1920,1080,speed_limit_60,1181,576,1246,638
FILE190726-161611F.MP4.thumb0025.jpg,1920,1080,no_overtaking,1181,634,1246,703
FILE190726-161611F.MP4.thumb0025.jpg,1920,1080,no_overtaking,199,598,243,655
FILE190726-173635F.MP4.thumb0020.jpg,1920,1080,no_parking,1056,620,1113,681
FILE190726-173635F.MP4.thumb0020.jpg,1920,1080,priority_road,1057,578,1109,627
FILE190726-161127F.MP4.thumb0040.jpg,1920,1080,keep_left,1118,636,1168,688
FILE190726-161127F.MP4.thumb0040.jpg,1920,1080,speed_limit_60,582,633,613,661
FILE190726-161127F.MP4.thumb0040.jpg,1920,1080,speed_limit_60,1065,628,1097,659
FILE190726-161127F.MP4.thumb0040.jpg,1920,1080,no_overtaking,1065,660,1096,689
FILE190726-161127F.MP4.thumb0040.jpg,1920,1080,no_overtaking,582,660,611,691
FILE190726-161127F.MP4.thumb0040.jpg,1920,1080,road_works,584,605,616,634
FILE190726-161127F.MP4.thumb0040.jpg,1920,1080,road_works,1029,636,1052,659
FILE190726-170126F.MP4.thumb0018.jpg,1920,1080,pedestrian_crossing,1432,240,1608,420
FILE190726-170126F.MP4.thumb0018.jpg,1920,1080,one_way,1357,541,1391,582
FILE190713-091207F.shrink.mp4.thumb0043.jpg,1280,720,speed_limit_60,685,15,726,51
FILE190713-091207F.shrink.mp4.thumb0043.jpg,1280,720,no_overtaking,683,52,722,88
FILE190726-173635F.MP4.thumb0018.jpg,1920,1080,pedestrian_crossing,999,585,1050,630
FILE190726-160024F.MP4.thumb0020.jpg,1920,1080,warning,809,613,833,640
FILE190726-170126F.MP4.thumb0006.jpg,1920,1080,pedestrian_crossing,1540,430,1612,505
FILE190726-170126F.MP4.thumb0006.jpg,1920,1080,no_parking,1211,540,1256,582
FILE190726-173535F.MP4.thumb0058.jpg,1920,1080,pedestrian_crossing,973,588,1021,639
FILE190726-155924F.MP4.thumb0010.jpg,1920,1080,priority_road,1172,572,1221,621
FILE190726-152135F.MP4.thumb0025.jpg,1920,1080,priority_road,1256,494,1295,536
FILE190726-152135F.MP4.thumb0025.jpg,1920,1080,speed_limit_70,1254,531,1295,574
FILE190726-152135F.MP4.thumb0025.jpg,1920,1080,speed_limit_70,451,507,491,547
FILE190726-164719F.MP4.thumb0055.jpg,1920,1080,pedestrian_crossing,930,598,966,632
FILE190713-105959F.shrink.mp4.thumb0015.jpg,1280,720,pedestrian_crossing,759,19,799,56
FILE190902-110622F.MP4.thumb0027.jpg,1920,1080,speed_limit_70,1080,688,1106,712
FILE190902-110622F.MP4.thumb0027.jpg,1920,1080,straight_only,1620,658,1645,686
FILE190726-152034F.MP4.thumb0044.jpg,1920,1080,speed_limit_70,1215,588,1244,617
FILE190726-152034F.MP4.thumb0044.jpg,1920,1080,speed_limit_70,515,559,547,592
FILE190726-160024F.MP4.thumb0022.jpg,1920,1080,warning,1020,498,1085,555
FILE190713-094901F.shrink.mp4.thumb0001.jpg,1280,720,no_parking,758,40,799,76
FILE190713-091006F.shrink.mp4.thumb0044.jpg,1280,720,speed_limit_60,209,4,269,68
FILE190713-091006F.shrink.mp4.thumb0044.jpg,1280,720,speed_limit_60,1036,25,1102,98
FILE190726-173836F.MP4.thumb0025.jpg,1920,1080,pedestrian_crossing,1142,476,1227,559
FILE190712-091517F.shrink.mp4.thumb0007.jpg,1280,720,speed_limit_40,766,48,825,104
FILE190726-173836F.MP4.thumb0049.jpg,1920,1080,pedestrian_crossing,1102,598,1137,636
FILE190726-173836F.MP4.thumb0049.jpg,1920,1080,priority_road,1098,566,1132,600
FILE190726-173936F.MP4.thumb0029.jpg,1920,1080,pedestrian_crossing,1419,400,1518,513
FILE190726-170326F.MP4.thumb0053.jpg,1920,1080,pedestrian_crossing,1075,613,1111,645
FILE190726-170326F.MP4.thumb0053.jpg,1920,1080,keep_right,698,676,721,697
FILE190713-092711F.shrink.mp4.thumb0027.jpg,1280,720,no_overtaking,645,68,669,93
FILE190713-092711F.shrink.mp4.thumb0027.jpg,1280,720,speed_limit_60,644,45,670,70
FILE190726-155924F.MP4.thumb0023.jpg,1920,1080,no_overtaking,1029,598,1065,634
FILE190726-155924F.MP4.thumb0023.jpg,1920,1080,speed_limit_60,1029,634,1064,665
FILE190713-114937F.shrink.mp4.thumb0058.jpg,1280,720,speed_limit_70,768,42,799,72
FILE190713-114937F.shrink.mp4.thumb0058.jpg,1280,720,no_parking,769,68,800,102
FILE190713-114937F.shrink.mp4.thumb0058.jpg,1280,720,priority_road,767,16,796,46
FILE190726-172031F.MP4.thumb0008.jpg,1920,1080,pedestrian_crossing,1132,523,1206,592
FILE190726-162951F.MP4.thumb0026.jpg,1920,1080,priority_road,1063,583,1115,633
FILE190726-173435F.MP4.thumb0055.jpg,1920,1080,road_works,955,577,989,606
FILE190726-173435F.MP4.thumb0055.jpg,1920,1080,warning,959,603,994,633
FILE190726-173435F.MP4.thumb0055.jpg,1920,1080,warning,958,648,993,676
FILE190712-091718F.shrink.mp4.thumb0009.jpg,1280,720,speed_limit_40,838,46,869,76
FILE190902-110321F.MP4.thumb0014.jpg,1920,1080,speed_limit_70,1760,531,1802,574
FILE190902-110321F.MP4.thumb0014.jpg,1920,1080,priority_road,1762,573,1805,620
FILE190902-110321F.MP4.thumb0014.jpg,1920,1080,no_parking,1766,621,1807,670
FILE190726-154821F.MP4.thumb0014.jpg,1920,1080,priority_road,1027,631,1058,660
FILE190726-160726F.MP4.thumb0057.jpg,1920,1080,speed_limit_60,375,510,422,559
FILE190726-160726F.MP4.thumb0057.jpg,1920,1080,speed_limit_60,1368,564,1425,619
FILE190726-160726F.MP4.thumb0057.jpg,1920,1080,no_overtaking,1371,616,1429,667
FILE190726-160726F.MP4.thumb0057.jpg,1920,1080,no_overtaking,367,562,419,613
FILE190726-161912F.MP4.thumb0047.jpg,1920,1080,no_overtaking,1219,567,1287,640
FILE190726-161912F.MP4.thumb0047.jpg,1920,1080,no_overtaking,171,512,219,569
FILE190726-161912F.MP4.thumb0047.jpg,1920,1080,road_works,173,454,227,512
FILE190726-161912F.MP4.thumb0047.jpg,1920,1080,road_works,1219,495,1288,565
FILE190726-161912F.MP4.thumb0047.jpg,1920,1080,speed_limit_60,1218,626,1282,706
FILE190726-161912F.MP4.thumb0047.jpg,1920,1080,speed_limit_60,167,567,211,636
FILE190726-163152F.MP4.thumb0047.jpg,1920,1080,no_overtaking,1095,628,1150,676
FILE190726-163152F.MP4.thumb0047.jpg,1920,1080,no_overtaking,422,623,463,668
FILE190726-163152F.MP4.thumb0047.jpg,1920,1080,speed_limit_70,420,582,460,620
FILE190726-163152F.MP4.thumb0047.jpg,1920,1080,speed_limit_70,1101,582,1147,628
FILE190713-114837F.shrink.mp4.thumb0025.jpg,1280,720,pedestrian_crossing,1010,33,1052,72
FILE190726-170126F.MP4.thumb0053.jpg,1920,1080,no_parking,1123,561,1187,624
FILE190726-164820F.MP4.thumb0040.jpg,1920,1080,pedestrian_crossing,974,566,1009,598
FILE190726-160024F.MP4.thumb0021.jpg,1920,1080,warning,887,581,925,619
FILE190726-165625F.MP4.thumb0042.jpg,1920,1080,priority_road,1123,557,1184,619
FILE190713-095402F.shrink.mp4.thumb0012.jpg,1280,720,stop,734,62,761,92
FILE190713-095402F.shrink.mp4.thumb0012.jpg,1280,720,priority_road,645,47,676,75
FILE190713-095402F.shrink.mp4.thumb0012.jpg,1280,720,town_end,640,75,683,99
FILE190726-170126F.MP4.thumb0051.jpg,1920,1080,pedestrian_crossing,1144,512,1246,603
FILE190726-155924F.MP4.thumb0056.jpg,1920,1080,speed_limit_40,928,635,952,654
FILE190726-155924F.MP4.thumb0056.jpg,1920,1080,warning,928,612,952,635
FILE190726-155924F.MP4.thumb0058.jpg,1920,1080,speed_limit_40,1263,476,1354,564
FILE190726-155924F.MP4.thumb0058.jpg,1920,1080,warning,1261,392,1358,476
FILE190726-152336F.MP4.thumb0025.jpg,1920,1080,speed_limit_70,551,585,580,617
FILE190726-152235F.MP4.thumb0024.jpg,1920,1080,speed_limit_70,432,548,473,596
FILE190726-165020F.MP4.thumb0009.jpg,1920,1080,warning,1009,603,1049,638
FILE190726-165020F.MP4.thumb0009.jpg,1920,1080,no_overtaking,1003,637,1053,671
FILE190726-164920F.MP4.thumb0061.jpg,1920,1080,warning,1098,527,1140,561
FILE190726-164920F.MP4.thumb0061.jpg,1920,1080,no_overtaking,1099,572,1142,616
FILE190726-165524F.MP4.thumb0024.jpg,1920,1080,priority_road,1099,573,1132,606
FILE190726-155623F.MP4.thumb0007.jpg,1920,1080,priority_road,1009,639,1031,661
FILE190726-155623F.MP4.thumb0007.jpg,1920,1080,no_overtaking,1006,685,1027,705
FILE190712-091618F.shrink.mp4.thumb0005.jpg,1280,720,speed_limit_40,753,97,786,126
FILE190712-091618F.shrink.mp4.thumb0005.jpg,1280,720,warning,754,69,786,99
FILE190902-111424F.MP4.thumb0060.jpg,1920,1080,no_overtaking,1167,682,1212,726
FILE190902-111424F.MP4.thumb0060.jpg,1920,1080,no_overtaking,1739,650,1782,695
FILE190726-170126F.MP4.thumb0007.jpg,1920,1080,priority_road,1156,538,1194,579
FILE190713-110159F.shrink.mp4.thumb0038.jpg,1280,720,no_parking,597,46,639,87
FILE190726-170026F.MP4.thumb0060.jpg,1920,1080,pedestrian_crossing,1174,513,1223,561
FILE190726-164619F.MP4.thumb0005.jpg,1920,1080,warning,1268,553,1307,589
FILE190726-164619F.MP4.thumb0005.jpg,1920,1080,warning,1263,518,1308,555
FILE190713-120232F.shrink.mp4.thumb0061.jpg,1280,720,no_overtaking,1069,21,1102,64
FILE190713-120232F.shrink.mp4.thumb0061.jpg,1280,720,no_parking,882,65,908,91
FILE190726-173134F.MP4.thumb0036.jpg,1920,1080,no_overtaking,949,625,979,652
FILE190726-173134F.MP4.thumb0036.jpg,1920,1080,warning,949,597,978,625
FILE190726-173134F.MP4.thumb0036.jpg,1920,1080,warning,611,616,643,646
FILE190726-173134F.MP4.thumb0036.jpg,1920,1080,no_overtaking,612,639,645,666
FILE190902-111023F.MP4.thumb0013.jpg,1920,1080,no_overtaking,1168,682,1211,727
FILE190902-111023F.MP4.thumb0013.jpg,1920,1080,no_overtaking,1809,637,1849,685
FILE190713-091307F.shrink.mp4.thumb0042.jpg,1280,720,no_overtaking,676,50,715,84
FILE190713-091307F.shrink.mp4.thumb0042.jpg,1280,720,speed_limit_60,676,15,712,50
FILE190726-161227F.MP4.thumb0024.jpg,1920,1080,warning,1275,481,1364,578
FILE190726-160125F.MP4.thumb0017.jpg,1920,1080,speed_limit_60,1075,594,1111,626
FILE190726-160125F.MP4.thumb0017.jpg,1920,1080,speed_limit_60,592,573,626,607
FILE190726-160125F.MP4.thumb0017.jpg,1920,1080,warning,594,549,626,575
FILE190726-160125F.MP4.thumb0017.jpg,1920,1080,warning,1076,568,1111,598
FILE190726-173134F.MP4.thumb0037.jpg,1920,1080,no_overtaking,1301,424,1409,531
FILE190726-173134F.MP4.thumb0037.jpg,1920,1080,no_overtaking,20,512,88,600
FILE190726-173134F.MP4.thumb0037.jpg,1920,1080,warning,27,420,98,514
FILE190726-173134F.MP4.thumb0037.jpg,1920,1080,warning,1292,320,1409,423
FILE190726-172532F.MP4.thumb0060.jpg,1920,1080,priority_road,548,625,586,662
FILE190713-091407F.shrink.mp4.thumb0025.jpg,1280,720,no_overtaking,684,67,716,95
FILE190713-091407F.shrink.mp4.thumb0025.jpg,1280,720,speed_limit_60,686,40,716,70
FILE190726-171931F.MP4.thumb0058.jpg,1920,1080,no_parking,994,572,1040,617
FILE190726-152336F.MP4.thumb0003.jpg,1920,1080,speed_limit_70,178,445,226,509
FILE190726-152336F.MP4.thumb0003.jpg,1920,1080,speed_limit_70,1351,516,1396,568
FILE190713-090605F.shrink.mp4.thumb0029.jpg,1280,720,speed_limit_60,1216,58,1257,101
FILE190713-114937F.shrink.mp4.thumb0033.jpg,1280,720,speed_limit_70,773,27,803,57
FILE190902-110622F.MP4.thumb0037.jpg,1920,1080,speed_limit_70,347,354,402,426
FILE190902-110622F.MP4.thumb0037.jpg,1920,1080,warning,329,420,391,500
FILE190902-110622F.MP4.thumb0037.jpg,1920,1080,warning,315,506,377,579
FILE190712-091417F.shrink.mp4.thumb0052.jpg,1280,720,straight_only,1018,7,1084,74
FILE190726-170126F.MP4.thumb0003.jpg,1920,1080,pedestrian_crossing,1083,563,1131,606
FILE190726-160125F.MP4.thumb0018.jpg,1920,1080,warning,1501,298,1589,379
FILE190726-160125F.MP4.thumb0018.jpg,1920,1080,warning,78,262,134,328
FILE190726-160125F.MP4.thumb0018.jpg,1920,1080,speed_limit_60,68,326,129,413
FILE190726-160125F.MP4.thumb0018.jpg,1920,1080,speed_limit_60,1508,372,1596,464
FILE190726-164820F.MP4.thumb0051.jpg,1920,1080,no_parking,1722,354,1795,459
FILE190726-171429F.MP4.thumb0056.jpg,1920,1080,priority_road,970,601,1012,640
FILE190713-115831F.shrink.mp4.thumb0024.jpg,1280,720,no_overtaking,1010,103,1048,142
FILE190713-115831F.shrink.mp4.thumb0024.jpg,1280,720,warning,1008,41,1046,80
FILE190902-110321F.MP4.thumb0038.jpg,1920,1080,speed_limit_70,1044,609,1099,669
FILE190726-152436F.MP4.thumb0006.jpg,1920,1080,speed_limit_70,575,595,605,626
FILE190726-165825F.MP4.thumb0034.jpg,1920,1080,priority_road,1698,347,1773,437
FILE190726-165825F.MP4.thumb0034.jpg,1920,1080,pedestrian_crossing,1449,454,1540,548
FILE190726-160826F.MP4.thumb0003.jpg,1920,1080,no_overtaking,1268,614,1334,674
FILE190726-160826F.MP4.thumb0003.jpg,1920,1080,speed_limit_60,1271,555,1330,614
FILE190713-114636F.shrink.mp4.thumb0029.jpg,1280,720,speed_limit_70,789,46,820,76
FILE190726-164719F.MP4.thumb0033.jpg,1920,1080,no_parking,1236,445,1311,527
FILE190726-161811F.MP4.thumb0053.jpg,1920,1080,no_overtaking,971,633,1001,664
FILE190726-161811F.MP4.thumb0053.jpg,1920,1080,no_overtaking,547,631,570,656
FILE190713-090404F.shrink.mp4.thumb0010.jpg,1280,720,no_overtaking,748,33,780,66
FILE190726-170226F.MP4.thumb0061.jpg,1920,1080,pedestrian_crossing,1274,371,1401,486
FILE190713-092410F.shrink.mp4.thumb0050.jpg,1280,720,no_overtaking,662,46,697,79
FILE190713-092410F.shrink.mp4.thumb0050.jpg,1280,720,speed_limit_60,660,15,695,47
FILE190726-173034F.MP4.thumb0037.jpg,1920,1080,priority_road,1194,454,1270,524
FILE190726-173034F.MP4.thumb0037.jpg,1920,1080,no_parking,1188,599,1284,685
FILE190726-173034F.MP4.thumb0037.jpg,1920,1080,speed_limit_70,1187,521,1278,599
FILE190903-093310F.MP4.thumb0030.jpg,1920,1080,speed_limit_70,1527,600,1567,643
FILE190726-161310F.MP4.thumb0046.jpg,1920,1080,warning,1567,390,1673,503
FILE190726-161310F.MP4.thumb0046.jpg,1920,1080,warning,1043,613,1091,655
FILE190726-161912F.MP4.thumb0010.jpg,1920,1080,speed_limit_40,1206,627,1251,673
FILE190726-161912F.MP4.thumb0015.jpg,1920,1080,speed_limit_40,1104,636,1128,661
FILE190726-161912F.MP4.thumb0015.jpg,1920,1080,speed_limit_40,674,623,697,648
FILE190713-115731F.shrink.mp4.thumb0045.jpg,1280,720,speed_limit_70,796,38,824,65
FILE190902-110622F.MP4.thumb0028.jpg,1920,1080,speed_limit_70,444,538,498,606
FILE190726-162313F.MP4.thumb0052.jpg,1920,1080,priority_road,1342,434,1439,533
FILE190726-154821F.MP4.thumb0016.jpg,1920,1080,priority_road,1261,517,1340,593
FILE190726-171931F.MP4.thumb0059.jpg,1920,1080,no_parking,1464,259,1591,395
FILE190726-170226F.MP4.thumb0021.jpg,1920,1080,priority_road,983,568,1016,601
FILE190726-170527F.MP4.thumb0003.jpg,1920,1080,priority_road,1017,592,1066,641
FILE190713-120332F.shrink.mp4.thumb0004.jpg,1280,720,warning,984,87,1011,116
FILE190713-120332F.shrink.mp4.thumb0004.jpg,1280,720,warning,250,100,281,133
FILE190713-120332F.shrink.mp4.thumb0004.jpg,1280,720,pedestrian_crossing,252,70,280,101
FILE190713-120332F.shrink.mp4.thumb0004.jpg,1280,720,pedestrian_crossing,985,49,1013,85
FILE190726-154520F.MP4.thumb0057.jpg,1920,1080,no_overtaking,1083,636,1113,667
FILE190726-154520F.MP4.thumb0057.jpg,1920,1080,no_overtaking,679,633,704,660
FILE190726-173936F.MP4.thumb0009.jpg,1920,1080,no_parking,1313,426,1418,538
FILE190726-162951F.MP4.thumb0058.jpg,1920,1080,no_overtaking,1109,603,1161,655
FILE190726-162951F.MP4.thumb0058.jpg,1920,1080,no_overtaking,426,581,474,634
FILE190713-095703F.shrink.mp4.thumb0003.jpg,1280,720,priority_road,802,33,836,64
FILE190713-095703F.shrink.mp4.thumb0003.jpg,1280,720,no_parking,801,62,837,99
FILE190726-152336F.MP4.thumb0046.jpg,1920,1080,speed_limit_70,361,500,399,552
FILE190713-091407F.shrink.mp4.thumb0013.jpg,1280,720,no_overtaking,722,21,791,79
FILE190726-164619F.MP4.thumb0014.jpg,1920,1080,pedestrian_crossing,1499,447,1557,517
FILE190726-164619F.MP4.thumb0014.jpg,1920,1080,pedestrian_crossing,425,445,505,527
FILE190726-170126F.MP4.thumb0005.jpg,1920,1080,pedestrian_crossing,1200,551,1241,594
FILE190726-170126F.MP4.thumb0005.jpg,1920,1080,no_parking,1048,597,1077,624
FILE190726-165825F.MP4.thumb0030.jpg,1920,1080,pedestrian_crossing,1671,275,1770,392
